"","tree_ID","bloc","treatment","genus","species","spp_num","treeid_num","aboveGroundWeight","agb23","agb24","agb25","increment25","increment24"
"1","Acne_CoolS/CoolF_B1_R1",1,"CoolS/CoolF","acer","acer_negundo",1,1,6.1,4.88773384322024,6.36647061251741,8.35996964116027,1.99349902864286,1.47873676929717
"2","Acne_CoolS/CoolF_B1_R1_nitro",1,"CoolS/CoolF_nitro","acer","acer_negundo",1,61,11.5,8.42805476179857,9.21271761066531,10.2374675167322,1.02474990606688,0.78466284886674
"3","Acne_CoolS/CoolF_B1_R2",1,"CoolS/CoolF","acer","acer_negundo",1,2,6.4,5.36228505350814,7.03217601892877,8.87124472537887,1.8390687064501,1.66989096542063
"4","Acne_CoolS/CoolF_B1_R2_nitro",1,"CoolS/CoolF_nitro","acer","acer_negundo",1,62,9.7,6.01123468212906,7.13608730215424,9.40742301072124,2.271335708567,1.12485262002518
"5","Acne_CoolS/CoolF_B1_R3",1,"CoolS/CoolF","acer","acer_negundo",1,3,11.4,7.39497354306463,9.27850353196412,10.5322212316811,1.25371769971693,1.8835299888995
"6","Acne_CoolS/CoolF_B1_R3_nitro",1,"CoolS/CoolF_nitro","acer","acer_negundo",1,63,7.2,6.04902768692765,7.49044582794445,8.13956982524141,0.649123997296956,1.44141814101681
"7","Acne_CoolS/CoolF_B1_R4",1,"CoolS/CoolF","acer","acer_negundo",1,4,7.6,5.54194195913106,6.75566119345283,8.13103824685523,1.3753770534024,1.21371923432176
"8","Acne_CoolS/CoolF_B1_R4_nitro",1,"CoolS/CoolF_nitro","acer","acer_negundo",1,64,10.4,7.16187247888739,8.76852661839356,9.74896595394573,0.980439335552173,1.60665413950617
"9","Acne_CoolS/CoolF_B1_R5",1,"CoolS/CoolF","acer","acer_negundo",1,5,13.4,8.15350347705728,9.65815785156348,10.9053339191583,1.24717606759485,1.5046543745062
"10","Acne_CoolS/CoolF_B1_R5_nitro",1,"CoolS/CoolF_nitro","acer","acer_negundo",1,65,5.97,5.5460998850644,6.55618779174374,6.98519441865562,0.429006626911885,1.01008790667933
"11","Acne_CoolS/CoolF_B2_R10",2,"CoolS/CoolF","acer","acer_negundo",1,10,8.03,6.99430510125304,7.41941705932592,8.09780218444469,0.678385125118774,0.425111958072883
"12","Acne_CoolS/CoolF_B2_R10_nitro",2,"CoolS/CoolF_nitro","acer","acer_negundo",1,70,9.1,6.57612000454785,8.16391117262129,8.92504224513275,0.761131072511462,1.58779116807344
"13","Acne_CoolS/CoolF_B2_R6",2,"CoolS/CoolF","acer","acer_negundo",1,6,12.54,7.5625869218914,9.24742463140775,10.2113611682466,0.963936536838869,1.68483770951635
"14","Acne_CoolS/CoolF_B2_R6_nitro",2,"CoolS/CoolF_nitro","acer","acer_negundo",1,66,11.73,7.89067308992289,8.25137462452312,9.56291391436107,1.31153928983795,0.360701534600222
"15","Acne_CoolS/CoolF_B2_R7",2,"CoolS/CoolF","acer","acer_negundo",1,7,7.41,7.2200235182447,7.90229149211117,8.25645926373217,0.354167771620993,0.68226797386647
"16","Acne_CoolS/CoolF_B2_R7_nitro",2,"CoolS/CoolF_nitro","acer","acer_negundo",1,67,10.56,7.25723975312901,8.99921186041277,9.56852980275189,0.56931794233912,1.74197210728376
"17","Acne_CoolS/CoolF_B2_R8",2,"CoolS/CoolF","acer","acer_negundo",1,8,13.37,8.34620557454463,10.1721535001391,11.3845239203355,1.21237042019636,1.82594792559446
"18","Acne_CoolS/CoolF_B2_R8_nitro",2,"CoolS/CoolF_nitro","acer","acer_negundo",1,68,4.2,5.1343007210652,5.7941133689629,6.473953399868,0.679840030905096,0.659812647897696
"19","Acne_CoolS/CoolF_B2_R9",2,"CoolS/CoolF","acer","acer_negundo",1,9,12.53,7.44985982293127,9.67023891520646,11.1039263879273,1.43368747272083,2.22037909227519
"20","Acne_CoolS/CoolF_B2_R9_nitro",2,"CoolS/CoolF_nitro","acer","acer_negundo",1,69,12.74,8.22292701844744,8.94883629363552,10.0865207534736,1.13768445983805,0.725909275188082
"21","Acne_CoolS/CoolF_B3_R11",3,"CoolS/CoolF","acer","acer_negundo",1,11,7.85,7.54944590706609,7.77677563948908,7.95637971059643,0.179604071107347,0.227329732422989
"22","Acne_CoolS/CoolF_B3_R11_nitro",3,"CoolS/CoolF_nitro","acer","acer_negundo",1,71,7.09,6.36999341628876,7.73029217391361,7.88385103136681,0.153558857453205,1.36029875762485
"23","Acne_CoolS/CoolF_B3_R12",3,"CoolS/CoolF","acer","acer_negundo",1,12,3.83,5.05533251911325,5.58657329459631,5.83921683313867,0.252643538542355,0.531240775483067
"24","Acne_CoolS/CoolF_B3_R12_nitro",3,"CoolS/CoolF_nitro","acer","acer_negundo",1,72,7.39,5.87568320571965,7.2234129710608,7.90404010425657,0.680627133195769,1.34772976534115
"25","Acne_CoolS/CoolF_B3_R13",3,"CoolS/CoolF","acer","acer_negundo",1,13,5.31,5.92444433696694,6.55028266917524,7.28322178198662,0.732939112811381,0.625838332208299
"26","Acne_CoolS/CoolF_B3_R13_nitro",3,"CoolS/CoolF_nitro","acer","acer_negundo",1,73,5.86,6.42367869816821,7.10426344475685,7.44860382366148,0.344340378904631,0.680584746588639
"27","Acne_CoolS/CoolF_B3_R14",3,"CoolS/CoolF","acer","acer_negundo",1,14,6.02,5.18523689274262,6.52675357205286,7.41238871917541,0.885635147122552,1.34151667931023
"28","Acne_CoolS/CoolF_B3_R14_nitro",3,"CoolS/CoolF_nitro","acer","acer_negundo",1,74,6.6,6.36229657321656,7.43049265287824,8.02737926920807,0.596886616329835,1.06819607966168
"29","Acne_CoolS/CoolF_B3_R15",3,"CoolS/CoolF","acer","acer_negundo",1,15,7.24,6.35432378450873,7.42453236732439,7.80577503500735,0.381242667682956,1.07020858281567
"30","Acne_CoolS/CoolF_B3_R15_nitro",3,"CoolS/CoolF_nitro","acer","acer_negundo",1,75,7.14,6.62303401677113,7.51503070002388,8.28928479352084,0.774254093496961,0.891996683252755
"31","Acne_CoolS/WarmF_B1_R1",1,"CoolS/WarmF","acer","acer_negundo",1,31,5.78,4.80986122498383,5.31135522624724,6.84750447009536,1.53614924384812,0.501494001263411
"32","Acne_CoolS/WarmF_B1_R2",1,"CoolS/WarmF","acer","acer_negundo",1,32,7.96,6.10485187774562,6.76625533342787,8.11088994993042,1.34463461650255,0.661403455682252
"33","Acne_CoolS/WarmF_B1_R3",1,"CoolS/WarmF","acer","acer_negundo",1,33,5.22,5.324232061588,5.85154901765252,7.28079181226808,1.42924279461556,0.527316956064518
"34","Acne_CoolS/WarmF_B1_R4",1,"CoolS/WarmF","acer","acer_negundo",1,34,7.06,5.84873358285317,7.71000384511847,8.54001625267589,0.830012407557413,1.8612702622653
"35","Acne_CoolS/WarmF_B1_R5",1,"CoolS/WarmF","acer","acer_negundo",1,35,6.08,5.17879460640692,6.40887427968771,7.31266854235704,0.903794262669325,1.2300796732808
"36","Acne_CoolS/WarmF_B2_R10",2,"CoolS/WarmF","acer","acer_negundo",1,40,5.02,6.21358773035334,5.99325784560086,6.75185103699074,0.758593191389875,-0.22032988475248
"37","Acne_CoolS/WarmF_B2_R6",2,"CoolS/WarmF","acer","acer_negundo",1,36,6.36,5.76139795685029,6.1678019432309,7.42784716174297,1.26004521851206,0.40640398638061
"38","Acne_CoolS/WarmF_B2_R7",2,"CoolS/WarmF","acer","acer_negundo",1,37,7.35,6.04309449947609,7.7332165096029,8.10303739716074,0.36982088755784,1.69012201012681
"39","Acne_CoolS/WarmF_B2_R8",2,"CoolS/WarmF","acer","acer_negundo",1,38,9.35,6.87206502914388,7.76679633882497,9.14259835660439,1.37580201777942,0.894731309681083
"40","Acne_CoolS/WarmF_B2_R9",2,"CoolS/WarmF","acer","acer_negundo",1,39,7.33,5.46649959495825,6.34284110178203,8.08820299268346,1.74536189090143,0.876341506823788
"41","Acne_CoolS/WarmF_B3_R11",3,"CoolS/WarmF","acer","acer_negundo",1,41,10.15,6.90671897976795,8.2674982787999,9.30002091028191,1.03252263148201,1.36077929903195
"42","Acne_CoolS/WarmF_B3_R12",3,"CoolS/WarmF","acer","acer_negundo",1,42,2.09,2.77712003592193,3.6305588637796,4.39195609480466,0.761397231025063,0.853438827857673
"43","Acne_CoolS/WarmF_B3_R13",3,"CoolS/WarmF","acer","acer_negundo",1,43,11.51,6.87738045873625,9.43238072510823,10.5531119634416,1.12073123833335,2.55500026637199
"44","Acne_CoolS/WarmF_B3_R14",3,"CoolS/WarmF","acer","acer_negundo",1,44,4.85,4.00314561548035,5.4197497052664,6.79647578573927,1.37672608047287,1.41660408978605
"45","Acne_CoolS/WarmF_B3_R15",3,"CoolS/WarmF","acer","acer_negundo",1,45,5.67,4.94943040880417,5.77986832758396,7.15225561270882,1.37238728512486,0.830437918779789
"46","Acne_WarmS/CoolF_B1_R1",1,"WarmS/CoolF","acer","acer_negundo",1,16,9.92,6.4187942967937,7.35801086518275,8.89222124475279,1.53421037957004,0.939216568389052
"47","Acne_WarmS/CoolF_B1_R2",1,"WarmS/CoolF","acer","acer_negundo",1,17,5.72,4.43816212608455,5.71206732688053,6.85049048755051,1.13842316066998,1.27390520079597
"48","Acne_WarmS/CoolF_B1_R3",1,"WarmS/CoolF","acer","acer_negundo",1,18,12.11,6.40170002135957,7.04406095073993,9.74610624804567,2.70204529730574,0.642360929380368
"49","Acne_WarmS/CoolF_B1_R4",1,"WarmS/CoolF","acer","acer_negundo",1,19,10.55,6.80541278142403,7.81037844411306,9.46539243031279,1.65501398619973,1.00496566268904
"50","Acne_WarmS/CoolF_B1_R5",1,"WarmS/CoolF","acer","acer_negundo",1,20,8.44,5.02453139776665,6.74098419198586,8.02095054969395,1.27996635770808,1.71645279421921
"51","Acne_WarmS/CoolF_B2_R10",2,"WarmS/CoolF","acer","acer_negundo",1,25,5.86,5.72259140711453,6.88822064153516,7.31026291221841,0.42204227068325,1.16562923442063
"52","Acne_WarmS/CoolF_B2_R6",2,"WarmS/CoolF","acer","acer_negundo",1,21,5.27,5.28096987857584,5.89230977379538,6.57551820265976,0.683208428864379,0.611339895219542
"53","Acne_WarmS/CoolF_B2_R7",2,"WarmS/CoolF","acer","acer_negundo",1,22,11.38,7.02521057854452,9.06112196692233,10.2691199009953,1.20799793407302,2.03591138837781
"54","Acne_WarmS/CoolF_B2_R8",2,"WarmS/CoolF","acer","acer_negundo",1,23,12.75,6.950431539288,8.4246637187381,10.4495778812224,2.02491416248429,1.47423217945009
"55","Acne_WarmS/CoolF_B2_R9",2,"WarmS/CoolF","acer","acer_negundo",1,24,7.53,5.74412237986168,6.78806102202225,7.99997254255248,1.21191152053023,1.04393864216057
"56","Acne_WarmS/CoolF_B3_R11",3,"WarmS/CoolF","acer","acer_negundo",1,26,7.46,5.96241400565502,7.52034458153793,8.21490082785825,0.694556246320326,1.55793057588291
"57","Acne_WarmS/CoolF_B3_R12",3,"WarmS/CoolF","acer","acer_negundo",1,27,12.27,8.98919353657669,10.8783624327069,11.1000584318534,0.221695999146485,1.88916889613024
"58","Acne_WarmS/CoolF_B3_R13",3,"WarmS/CoolF","acer","acer_negundo",1,28,16.85,8.76418774409276,8.93212214535751,11.4647115241179,2.53258937876043,0.167934401264754
"59","Acne_WarmS/CoolF_B3_R14",3,"WarmS/CoolF","acer","acer_negundo",1,29,5.42,6.05472210930926,6.3168847305398,7.05760506264119,0.740720332101395,0.262162621230541
"60","Acne_WarmS/CoolF_B3_R15",3,"WarmS/CoolF","acer","acer_negundo",1,30,8.19,7.16701798648945,7.99911302070969,8.52119002154961,0.522077000839919,0.832095034220243
"61","Acne_WarmS/WarmF_B1_R1",1,"WarmS/WarmF","acer","acer_negundo",1,46,5.32,4.86895581152276,5.50555325482495,6.49391058111908,0.988357326294132,0.636597443302189
"62","Acne_WarmS/WarmF_B1_R1_nitro",1,"WarmS/WarmF_nitro","acer","acer_negundo",1,76,5.46,5.30364211872588,5.62238168902532,6.64913372110426,1.02675203207894,0.31873957029944
"63","Acne_WarmS/WarmF_B1_R2",1,"WarmS/WarmF","acer","acer_negundo",1,47,5.17,5.3803606918468,5.5624090775913,7.47353231181798,1.91112323422668,0.182048385744491
"64","Acne_WarmS/WarmF_B1_R2_nitro",1,"WarmS/WarmF_nitro","acer","acer_negundo",1,77,8.12,6.32668223190996,7.61859470707877,8.1872978831941,0.568703176115329,1.29191247516882
"65","Acne_WarmS/WarmF_B1_R3",1,"WarmS/WarmF","acer","acer_negundo",1,48,6.49,4.84062441585499,5.77341007772191,8.5973526504501,2.82394257272819,0.932785661866925
"66","Acne_WarmS/WarmF_B1_R3_nitro",1,"WarmS/WarmF_nitro","acer","acer_negundo",1,78,5.03,4.97446387950808,6.02090338395956,6.53764886103761,0.516745477078053,1.04643950445148
"67","Acne_WarmS/WarmF_B1_R4",1,"WarmS/WarmF","acer","acer_negundo",1,49,3.14,4.29237654473371,4.59184232866978,5.52249335861892,0.930651029949138,0.299465783936069
"68","Acne_WarmS/WarmF_B1_R4_nitro",1,"WarmS/WarmF_nitro","acer","acer_negundo",1,79,2.96,3.67409480537954,4.53457878034093,5.42314488154219,0.888566101201254,0.86048397496139
"69","Acne_WarmS/WarmF_B1_R5",1,"WarmS/WarmF","acer","acer_negundo",1,50,10.86,6.22917555205456,7.72052837614621,9.32141150418158,1.60088312803537,1.49135282409164
"70","Acne_WarmS/WarmF_B1_R5_nitro",1,"WarmS/WarmF_nitro","acer","acer_negundo",1,80,5.38,4.0774112082781,4.74463344276261,6.42173308120686,1.67709963844425,0.667222234484518
"71","Acne_WarmS/WarmF_B2_R10",2,"WarmS/WarmF","acer","acer_negundo",1,55,7.72,6.34672579492231,7.01019230941745,7.70566474171215,0.695472432294698,0.663466514495142
"72","Acne_WarmS/WarmF_B2_R10_nitro",2,"WarmS/WarmF_nitro","acer","acer_negundo",1,85,9.67,7.40953341361084,7.57931543466759,9.58459592017665,2.00528048550907,0.16978202105675
"73","Acne_WarmS/WarmF_B2_R6",2,"WarmS/WarmF","acer","acer_negundo",1,51,6.1,6.01453414725676,6.1999720285931,6.81046183168247,0.61048980308937,0.185437881336344
"74","Acne_WarmS/WarmF_B2_R6_nitro",2,"WarmS/WarmF_nitro","acer","acer_negundo",1,81,8,5.42469592045916,5.9429534967247,7.00260193567629,1.05964843895158,0.518257576265542
"75","Acne_WarmS/WarmF_B2_R7",2,"WarmS/WarmF","acer","acer_negundo",1,52,8.14,6.30891282651913,8.25563501611243,8.43183910524709,0.176204089134657,1.9467221895933
"76","Acne_WarmS/WarmF_B2_R7_nitro",2,"WarmS/WarmF_nitro","acer","acer_negundo",1,82,8.62,5.89812215395546,6.55444917735194,8.77572665903466,2.22127748168272,0.656327023396481
"77","Acne_WarmS/WarmF_B2_R8",2,"WarmS/WarmF","acer","acer_negundo",1,53,8.47,6.77612626359114,7.39094673980248,8.89134105631274,1.50039431651025,0.614820476211342
"78","Acne_WarmS/WarmF_B2_R8_nitro",2,"WarmS/WarmF_nitro","acer","acer_negundo",1,83,12.42,7.5335425987605,9.0300731972023,9.71935660578913,0.689283408586828,1.4965305984418
"79","Acne_WarmS/WarmF_B2_R9",2,"WarmS/WarmF","acer","acer_negundo",1,54,9.97,7.04217132133546,8.66953006796429,9.22281224798937,0.553282180025079,1.62735874662883
"80","Acne_WarmS/WarmF_B2_R9_nitro",2,"WarmS/WarmF_nitro","acer","acer_negundo",1,84,4.78,4.920780953616,5.5458086372917,6.82581937753707,1.28001074024537,0.625027683675704
"81","Acne_WarmS/WarmF_B3_R11",3,"WarmS/WarmF","acer","acer_negundo",1,56,7.32,5.2246510777845,6.63669371898876,8.34264401424649,1.70595029525772,1.41204264120426
"82","Acne_WarmS/WarmF_B3_R11_nitro",3,"WarmS/WarmF_nitro","acer","acer_negundo",1,86,6.66,5.58306843660207,6.59885017544238,8.96103657025129,2.3621863948089,1.01578173884032
"83","Acne_WarmS/WarmF_B3_R12",3,"WarmS/WarmF","acer","acer_negundo",1,57,8.61,6.14854600844144,7.33013807106724,8.54942838281451,1.21929031174727,1.18159206262579
"84","Acne_WarmS/WarmF_B3_R12_nitro",3,"WarmS/WarmF_nitro","acer","acer_negundo",1,87,12.56,7.66978404287522,8.77127879977964,9.92372949839367,1.15245069861403,1.10149475690441
"85","Acne_WarmS/WarmF_B3_R13",3,"WarmS/WarmF","acer","acer_negundo",1,58,7.12,6.73117026477498,7.76353417454754,8.19865634316913,0.435122168621593,1.03236390977256
"86","Acne_WarmS/WarmF_B3_R13_nitro",3,"WarmS/WarmF_nitro","acer","acer_negundo",1,88,11.81,7.17728690397616,8.91222932447314,9.77166648780192,0.85943716332878,1.73494242049698
"87","Acne_WarmS/WarmF_B3_R14",3,"WarmS/WarmF","acer","acer_negundo",1,59,6.25,4.86675172955876,6.58415516076088,7.91493053146416,1.33077537070328,1.71740343120212
"88","Acne_WarmS/WarmF_B3_R14_nitro",3,"WarmS/WarmF_nitro","acer","acer_negundo",1,89,5.51,5.34854772516505,6.48025676179252,7.29652094314275,0.816264181350224,1.13170903662747
"89","Acne_WarmS/WarmF_B3_R15",3,"WarmS/WarmF","acer","acer_negundo",1,60,6.38,6.37324539432411,6.37360124051777,6.75507744422592,0.381476203708146,0.000355846193658138
"90","Acne_WarmS/WarmF_B3_R15_nitro",3,"WarmS/WarmF_nitro","acer","acer_negundo",1,90,12.04,7.86326531564058,9.12807896128364,10.2167473041831,1.08866834289947,1.26481364564306
"91","Bepa_CoolS/CoolF_B1_R1",1,"CoolS/CoolF","betula","betula_papyrifera",2,91,13.02,8.61258679201747,11.4424740162183,16.4755998925244,5.03312587630614,2.82988722420079
"92","Bepa_CoolS/CoolF_B1_R1_nitro",1,"CoolS/CoolF_nitro","betula","betula_papyrifera",2,151,35,19.2825338053651,21.0281812426772,28.6471937241146,7.61901248143744,1.74564743731214
"93","Bepa_CoolS/CoolF_B1_R2",1,"CoolS/CoolF","betula","betula_papyrifera",2,92,13.35,12.2025462735517,12.3229728238215,18.7050424484156,6.38206962459409,0.120426550269778
"94","Bepa_CoolS/CoolF_B1_R2_nitro",1,"CoolS/CoolF_nitro","betula","betula_papyrifera",2,152,18.73,12.3078509041978,13.5942461393823,23.5530511221066,9.95880498272431,1.28639523518445
"95","Bepa_CoolS/CoolF_B1_R3",1,"CoolS/CoolF","betula","betula_papyrifera",2,93,9.57,7.46377915131826,9.0563120652208,15.0099315907249,5.9536195255041,1.59253291390255
"96","Bepa_CoolS/CoolF_B1_R3_nitro",1,"CoolS/CoolF_nitro","betula","betula_papyrifera",2,153,16.66,11.9578140586817,14.5251791243236,17.7160594574069,3.19088033308326,2.56736506564192
"97","Bepa_CoolS/CoolF_B1_R4",1,"CoolS/CoolF","betula","betula_papyrifera",2,94,27.74,12.1503551965912,11.6662062560474,16.2795224539148,4.6133161978674,-0.484148940543811
"98","Bepa_CoolS/CoolF_B1_R4_nitro",1,"CoolS/CoolF_nitro","betula","betula_papyrifera",2,154,16.36,7.09149476080524,10.5205502733442,16.4176666580561,5.89711638471193,3.42905551253894
"99","Bepa_CoolS/CoolF_B1_R5",1,"CoolS/CoolF","betula","betula_papyrifera",2,95,10.95,8.07346184518556,11.9311158749458,15.5762501681035,3.64513429315769,3.85765402976025
"100","Bepa_CoolS/CoolF_B1_R5_nitro",1,"CoolS/CoolF_nitro","betula","betula_papyrifera",2,155,44.9,26.640307761565,33.0626177285238,40.6381854887661,7.57556776024239,6.42230996695879
"101","Bepa_CoolS/CoolF_B2_R10",2,"CoolS/CoolF","betula","betula_papyrifera",2,100,18.78,15.9013332362903,15.4913331812965,22.8474199192371,7.35608673794066,-0.410000054993844
"102","Bepa_CoolS/CoolF_B2_R10_nitro",2,"CoolS/CoolF_nitro","betula","betula_papyrifera",2,160,8.86,6.65995479737482,7.897672416722,12.5685375620609,4.67086514533891,1.23771761934718
"103","Bepa_CoolS/CoolF_B2_R6",2,"CoolS/CoolF","betula","betula_papyrifera",2,96,26.12,13.7982141422116,17.529204200344,23.6027424208189,6.07353822047495,3.73099005813242
"104","Bepa_CoolS/CoolF_B2_R6_nitro",2,"CoolS/CoolF_nitro","betula","betula_papyrifera",2,156,26.56,21.9681784828953,25.830030925789,27.6862173323535,1.85618640656446,3.86185244289368
"105","Bepa_CoolS/CoolF_B2_R7",2,"CoolS/CoolF","betula","betula_papyrifera",2,97,18.19,10.9216632251994,14.9086056692421,21.7351173470687,6.82651167782663,3.98694244404266
"106","Bepa_CoolS/CoolF_B2_R7_nitro",2,"CoolS/CoolF_nitro","betula","betula_papyrifera",2,157,13.74,17.6264920159366,17.7622178955578,14.6645310667991,-3.0976868287587,0.135725879621262
"107","Bepa_CoolS/CoolF_B2_R8",2,"CoolS/CoolF","betula","betula_papyrifera",2,98,43.15,25.0469774654292,26.8674569651509,33.0736612217919,6.20620425664104,1.82047949972164
"108","Bepa_CoolS/CoolF_B2_R8_nitro",2,"CoolS/CoolF_nitro","betula","betula_papyrifera",2,158,23.98,15.9111476654184,18.2359899705403,23.3916808249889,5.15569085444856,2.32484230512194
"109","Bepa_CoolS/CoolF_B2_R9",2,"CoolS/CoolF","betula","betula_papyrifera",2,99,23.12,15.533747726045,20.1991097202679,22.0078355585096,1.8087258382417,4.66536199422293
"110","Bepa_CoolS/CoolF_B2_R9_nitro",2,"CoolS/CoolF_nitro","betula","betula_papyrifera",2,159,41.04,31.1160348793912,34.3351948823605,36.3881903288296,2.05299544646912,3.21916000296936
"111","Bepa_CoolS/CoolF_B3_R11",3,"CoolS/CoolF","betula","betula_papyrifera",2,101,13.61,11.2109387877965,12.4594750347189,13.5030282337449,1.04355319902606,1.24853624692235
"112","Bepa_CoolS/CoolF_B3_R11_nitro",3,"CoolS/CoolF_nitro","betula","betula_papyrifera",2,161,24.57,18.6137584193083,26.6836948433033,28.2889791585462,1.60528431524295,8.06993642399496
"113","Bepa_CoolS/CoolF_B3_R12",3,"CoolS/CoolF","betula","betula_papyrifera",2,102,17.71,11.8757264597695,15.9152716497408,20.291832856335,4.37656120659419,4.03954518997138
"114","Bepa_CoolS/CoolF_B3_R12_nitro",3,"CoolS/CoolF_nitro","betula","betula_papyrifera",2,162,12.46,6.95412305281109,8.66165400342631,13.9079388141235,5.24628481069717,1.70753095061522
"115","Bepa_CoolS/CoolF_B3_R13",3,"CoolS/CoolF","betula","betula_papyrifera",2,103,27.25,17.9539296542371,19.9866006789128,26.8044037846495,6.81780310573671,2.03267102467565
"116","Bepa_CoolS/CoolF_B3_R13_nitro",3,"CoolS/CoolF_nitro","betula","betula_papyrifera",2,163,16.85,11.9670273534513,12.8720014577063,14.7235128496474,1.85151139194116,0.904974104254926
"117","Bepa_CoolS/CoolF_B3_R14",3,"CoolS/CoolF","betula","betula_papyrifera",2,104,11.23,4.58387465235794,5.75182953910245,10.2208212281565,4.46899168905401,1.16795488674451
"118","Bepa_CoolS/CoolF_B3_R14_nitro",3,"CoolS/CoolF_nitro","betula","betula_papyrifera",2,164,8.71,9.59117652025645,10.7221312384014,13.0085748926205,2.28644365421914,1.13095471814492
"119","Bepa_CoolS/CoolF_B3_R15",3,"CoolS/CoolF","betula","betula_papyrifera",2,105,17.43,11.880540840911,13.2002583488522,16.5035303397537,3.30327199090152,1.31971750794118
"120","Bepa_CoolS/CoolF_B3_R15_nitro",3,"CoolS/CoolF_nitro","betula","betula_papyrifera",2,165,12.35,9.33508538788692,10.3923840192863,14.0905386581079,3.69815463882157,1.05729863139942
"121","Bepa_CoolS/WarmF_B1_R1",1,"CoolS/WarmF","betula","betula_papyrifera",2,121,12,7.982388141338,10.34261287126,13.6880275086335,3.34541463737348,2.36022472992199
"122","Bepa_CoolS/WarmF_B1_R2",1,"CoolS/WarmF","betula","betula_papyrifera",2,122,11.33,8.1368161728326,10.4478213574448,14.7369283121491,4.28910695470425,2.31100518461222
"123","Bepa_CoolS/WarmF_B1_R3",1,"CoolS/WarmF","betula","betula_papyrifera",2,123,14.49,11.7715188640537,12.8929558955056,17.6428359091865,4.74988001368089,1.12143703145195
"124","Bepa_CoolS/WarmF_B1_R4",1,"CoolS/WarmF","betula","betula_papyrifera",2,124,22.01,9.04567502145667,16.6302379561678,23.9597254050652,7.3294874488974,7.58456293471108
"125","Bepa_CoolS/WarmF_B1_R5",1,"CoolS/WarmF","betula","betula_papyrifera",2,125,13.57,11.4782988080076,12.1161413761703,14.4608241663422,2.34468279017187,0.637842568162689
"126","Bepa_CoolS/WarmF_B2_R10",2,"CoolS/WarmF","betula","betula_papyrifera",2,130,20.85,12.3452882836871,13.6569965916665,18.7874974640139,5.13050087234743,1.31170830797934
"127","Bepa_CoolS/WarmF_B2_R6",2,"CoolS/WarmF","betula","betula_papyrifera",2,126,26.03,16.5788803189558,19.5424237070921,22.924406430703,3.38198272361084,2.96354338813631
"128","Bepa_CoolS/WarmF_B2_R7",2,"CoolS/WarmF","betula","betula_papyrifera",2,127,21.22,12.8304288109384,16.3019604510083,21.319404310729,5.0174438597207,3.47153164006994
"129","Bepa_CoolS/WarmF_B2_R8",2,"CoolS/WarmF","betula","betula_papyrifera",2,128,18.05,14.3883427431956,15.761293232331,20.3242115981352,4.56291836580415,1.37295048913542
"130","Bepa_CoolS/WarmF_B2_R9",2,"CoolS/WarmF","betula","betula_papyrifera",2,129,28.99,19.4989150925311,24.9456246655189,31.9323540315608,6.98672936604183,5.44670957298784
"131","Bepa_CoolS/WarmF_B3_R11",3,"CoolS/WarmF","betula","betula_papyrifera",2,131,23.8,13.1173352301975,15.4582786277149,19.0080230837799,3.54974445606495,2.34094339751741
"132","Bepa_CoolS/WarmF_B3_R12",3,"CoolS/WarmF","betula","betula_papyrifera",2,132,21.79,14.9864294484397,16.3979899893039,19.5819828457677,3.18399285646374,1.41156054086427
"133","Bepa_CoolS/WarmF_B3_R13",3,"CoolS/WarmF","betula","betula_papyrifera",2,133,16.01,11.5228604450114,13.4379392307158,17.3611760010712,3.92323677035542,1.91507878570438
"134","Bepa_CoolS/WarmF_B3_R14",3,"CoolS/WarmF","betula","betula_papyrifera",2,134,13.14,10.3790359341002,14.1571168717439,16.7825420307968,2.6254251590529,3.77808093764373
"135","Bepa_CoolS/WarmF_B3_R15",3,"CoolS/WarmF","betula","betula_papyrifera",2,135,10.73,6.18451388293885,8.20887668422379,12.6792232444337,4.47034656020992,2.02436280128494
"136","Bepa_WarmS/CoolF_B1_R1",1,"WarmS/CoolF","betula","betula_papyrifera",2,106,20.42,11.9284850022676,19.568170024659,29.5429287556168,9.97475873095775,7.63968502239138
"137","Bepa_WarmS/CoolF_B1_R2",1,"WarmS/CoolF","betula","betula_papyrifera",2,107,10.89,5.2856736456135,8.19112903534378,14.441686494829,6.25055745948517,2.90545538973028
"138","Bepa_WarmS/CoolF_B1_R3",1,"WarmS/CoolF","betula","betula_papyrifera",2,108,22.02,10.9977948189349,15.4772696662265,23.943604789371,8.46633512314455,4.47947484729158
"139","Bepa_WarmS/CoolF_B1_R4",1,"WarmS/CoolF","betula","betula_papyrifera",2,109,22.04,11.9900735839394,14.1617381321421,12.2784108310108,-1.88332730113128,2.17166454820272
"140","Bepa_WarmS/CoolF_B1_R5",1,"WarmS/CoolF","betula","betula_papyrifera",2,110,10.85,6.77761016580109,9.75368103136268,14.5395194982542,4.78583846689154,2.97607086556159
"141","Bepa_WarmS/CoolF_B2_R10",2,"WarmS/CoolF","betula","betula_papyrifera",2,115,30.71,11.1209575512998,12.541817173753,30.1071338795068,17.5653167057538,1.42085962245318
"142","Bepa_WarmS/CoolF_B2_R6",2,"WarmS/CoolF","betula","betula_papyrifera",2,111,29.59,16.0586647048486,21.401494688765,26.6489626637917,5.24746797502664,5.34282998391644
"143","Bepa_WarmS/CoolF_B2_R7",2,"WarmS/CoolF","betula","betula_papyrifera",2,112,28.61,19.3545272801855,18.9258405146763,29.710845942155,10.7850054274787,-0.428686765509234
"144","Bepa_WarmS/CoolF_B2_R8",2,"WarmS/CoolF","betula","betula_papyrifera",2,113,12.24,10.23582263771,12.1337951387906,17.9026110637018,5.76881592491116,1.89797250108066
"145","Bepa_WarmS/CoolF_B2_R9",2,"WarmS/CoolF","betula","betula_papyrifera",2,114,10.38,7.73359589308506,10.4005424783337,17.7719828736656,7.37144039533186,2.66694658524865
"146","Bepa_WarmS/CoolF_B3_R11",3,"WarmS/CoolF","betula","betula_papyrifera",2,116,9.07,8.74502277728188,10.4843559384175,14.1589875915513,3.67463165313377,1.73933316113562
"147","Bepa_WarmS/CoolF_B3_R12",3,"WarmS/CoolF","betula","betula_papyrifera",2,117,14.79,10.7309274340234,12.849551842281,17.0182002256064,4.16864838332532,2.11862440825767
"148","Bepa_WarmS/CoolF_B3_R13",3,"WarmS/CoolF","betula","betula_papyrifera",2,118,20.72,9.76044315615394,13.2734397086403,19.3701463187871,6.09670661014682,3.51299655248633
"149","Bepa_WarmS/CoolF_B3_R14",3,"WarmS/CoolF","betula","betula_papyrifera",2,119,26.72,16.087965799736,21.1931699881282,27.4937766453314,6.30060665720322,5.10520418839215
"150","Bepa_WarmS/CoolF_B3_R15",3,"WarmS/CoolF","betula","betula_papyrifera",2,120,15.68,8.88830436496273,12.6256420952494,18.3528600746938,5.72721797944438,3.73733773028666
"151","Bepa_WarmS/WarmF_B1_R1",1,"WarmS/WarmF","betula","betula_papyrifera",2,136,14.26,11.9046954568061,14.4877684001478,19.2360173142455,4.74824891409775,2.58307294334171
"152","Bepa_WarmS/WarmF_B1_R1_nitro",1,"WarmS/WarmF_nitro","betula","betula_papyrifera",2,166,25.5,14.1918822748622,19.2174079668475,23.0525079579194,3.83509999107186,5.02552569198536
"153","Bepa_WarmS/WarmF_B1_R2",1,"WarmS/WarmF","betula","betula_papyrifera",2,137,9.85,3.89554979935677,6.08291293879448,9.15180681859511,3.06889387980063,2.1873631394377
"154","Bepa_WarmS/WarmF_B1_R2_nitro",1,"WarmS/WarmF_nitro","betula","betula_papyrifera",2,167,9.95,8.01206246311265,9.7501459269868,12.8506397337287,3.10049380674189,1.73808346387415
"155","Bepa_WarmS/WarmF_B1_R3",1,"WarmS/WarmF","betula","betula_papyrifera",2,138,15.71,9.10100170203333,12.6515471777793,20.7136633331041,8.06211615532477,3.55054547574596
"156","Bepa_WarmS/WarmF_B1_R3_nitro",1,"WarmS/WarmF_nitro","betula","betula_papyrifera",2,168,46.67,20.4374854604374,19.0227354791878,29.223544865441,10.2008093862532,-1.41474998124955
"157","Bepa_WarmS/WarmF_B1_R4",1,"WarmS/WarmF","betula","betula_papyrifera",2,139,32.49,16.8372690350276,20.662388619455,25.1681570947071,4.50576847525203,3.82511958442742
"158","Bepa_WarmS/WarmF_B1_R4_nitro",1,"WarmS/WarmF_nitro","betula","betula_papyrifera",2,169,10.8,10.103747055914,10.1145728090338,17.8861943457048,7.77162153667102,0.0108257531197538
"159","Bepa_WarmS/WarmF_B1_R5",1,"WarmS/WarmF","betula","betula_papyrifera",2,140,33.08,17.6109401773305,23.1157334175989,29.343983029452,6.2282496118531,5.50479324026832
"160","Bepa_WarmS/WarmF_B1_R5_nitro",1,"WarmS/WarmF_nitro","betula","betula_papyrifera",2,170,18.74,15.1933664028215,18.108403729068,21.5740502273257,3.46564649825773,2.91503732624646
"161","Bepa_WarmS/WarmF_B2_R10",2,"WarmS/WarmF","betula","betula_papyrifera",2,145,16,14.7016899693606,18.5674968452034,20.6106408831886,2.04314403798519,3.8658068758428
"162","Bepa_WarmS/WarmF_B2_R10_nitro",2,"WarmS/WarmF_nitro","betula","betula_papyrifera",2,175,17.06,13.3164370203311,18.4133623445559,23.8921085601754,5.47874621561953,5.09692532422475
"163","Bepa_WarmS/WarmF_B2_R6",2,"WarmS/WarmF","betula","betula_papyrifera",2,141,15.44,9.17837160538946,11.9611231944943,16.7099905282059,4.74886733371154,2.78275158910489
"164","Bepa_WarmS/WarmF_B2_R6_nitro",2,"WarmS/WarmF_nitro","betula","betula_papyrifera",2,171,9.96,6.71709417714848,7.24453055574935,8.24251035447219,0.997979798722839,0.527436378600863
"165","Bepa_WarmS/WarmF_B2_R7",2,"WarmS/WarmF","betula","betula_papyrifera",2,142,16.73,8.92795347366975,13.151109906279,18.870522573961,5.71941266768193,4.22315643260927
"166","Bepa_WarmS/WarmF_B2_R7_nitro",2,"WarmS/WarmF_nitro","betula","betula_papyrifera",2,172,22.69,15.9926428461695,16.7562640577129,22.6428685590912,5.88660450137839,0.763621211543347
"167","Bepa_WarmS/WarmF_B2_R8",2,"WarmS/WarmF","betula","betula_papyrifera",2,143,30.58,19.3562920432638,20.6294456882499,32.8638081568127,12.2343624685628,1.27315364498613
"168","Bepa_WarmS/WarmF_B2_R8_nitro",2,"WarmS/WarmF_nitro","betula","betula_papyrifera",2,173,10.23,9.70045179013833,9.31003209158243,10.5115389273015,1.20150683571907,-0.390419698555904
"169","Bepa_WarmS/WarmF_B2_R9",2,"WarmS/WarmF","betula","betula_papyrifera",2,144,35.95,13.9517989901427,21.6616036566704,37.1264697785228,15.4648661218524,7.70980466652766
"170","Bepa_WarmS/WarmF_B2_R9_nitro",2,"WarmS/WarmF_nitro","betula","betula_papyrifera",2,174,34.12,21.4780744662026,26.7230039173866,29.6928192493651,2.96981533197851,5.24492945118405
"171","Bepa_WarmS/WarmF_B3_R11",3,"WarmS/WarmF","betula","betula_papyrifera",2,146,43.62,23.6930591903296,28.8320719987921,35.2976011525004,6.4655291537083,5.1390128084625
"172","Bepa_WarmS/WarmF_B3_R11_nitro",3,"WarmS/WarmF_nitro","betula","betula_papyrifera",2,176,10.31,5.16394612770803,7.13632157412329,14.8958187781106,7.75949720398727,1.97237544641525
"173","Bepa_WarmS/WarmF_B3_R12",3,"WarmS/WarmF","betula","betula_papyrifera",2,147,9.76,8.84718441745021,11.5543654993892,12.6162723791198,1.0619068797306,2.70718108193901
"174","Bepa_WarmS/WarmF_B3_R12_nitro",3,"WarmS/WarmF_nitro","betula","betula_papyrifera",2,177,11.92,7.79679331510608,12.031721173615,16.3166053636837,4.28488419006865,4.23492785850894
"175","Bepa_WarmS/WarmF_B3_R13",3,"WarmS/WarmF","betula","betula_papyrifera",2,148,33.47,15.8252979266308,20.143465733194,30.3198416679327,10.1763759347387,4.31816780656325
"176","Bepa_WarmS/WarmF_B3_R13_nitro",3,"WarmS/WarmF_nitro","betula","betula_papyrifera",2,178,21.1,18.113216486855,22.2308006434735,25.3461857392808,3.11538509580732,4.11758415661854
"177","Bepa_WarmS/WarmF_B3_R14",3,"WarmS/WarmF","betula","betula_papyrifera",2,149,33.18,9.40092946120311,13.242789071431,15.9892017062887,2.74641263485769,3.84185961022787
"178","Bepa_WarmS/WarmF_B3_R14_nitro",3,"WarmS/WarmF_nitro","betula","betula_papyrifera",2,179,16.85,7.84528696958674,12.309244118897,16.3997069736916,4.09046285479468,4.46395714931023
"179","Bepa_WarmS/WarmF_B3_R15",3,"WarmS/WarmF","betula","betula_papyrifera",2,150,14.26,12.2870552320274,14.860431483676,18.9600378040723,4.09960632039632,2.57337625164861
"180","Bepa_WarmS/WarmF_B3_R15_nitro",3,"WarmS/WarmF_nitro","betula","betula_papyrifera",2,180,9.41,5.99512228960592,7.30843061023274,12.5394436767211,5.23101306648836,1.31330832062682
"181","Pist_CoolS/CoolF_B1_R1",1,"CoolS/CoolF","pinus","pinus_strobus",3,181,59.53,8.59365513731045,24.2879399725244,45.3609009043901,21.0729609318657,15.694284835214
"182","Pist_CoolS/CoolF_B1_R1_nitro",1,"CoolS/CoolF_nitro","pinus","pinus_strobus",3,241,21.71,5.47195095456467,8.88355123220522,20.0586363065862,11.1750850743809,3.41160027764055
"183","Pist_CoolS/CoolF_B1_R2",1,"CoolS/CoolF","pinus","pinus_strobus",3,182,40.6,5.66444096622559,16.8117713756682,35.5935599725402,18.781788596872,11.1473304094426
"184","Pist_CoolS/CoolF_B1_R2_nitro",1,"CoolS/CoolF_nitro","pinus","pinus_strobus",3,242,24.34,6.71028575522741,13.5596509412311,28.0337192844296,14.4740683431985,6.84936518600366
"185","Pist_CoolS/CoolF_B1_R3",1,"CoolS/CoolF","pinus","pinus_strobus",3,183,19.58,5.36500834903063,9.57882259496859,21.4731881975068,11.8943656025382,4.21381424593796
"186","Pist_CoolS/CoolF_B1_R3_nitro",1,"CoolS/CoolF_nitro","pinus","pinus_strobus",3,243,36.73,6.11960171092865,11.8545215764394,36.0053188859403,24.1507973095009,5.73491986551075
"187","Pist_CoolS/CoolF_B1_R4",1,"CoolS/CoolF","pinus","pinus_strobus",3,184,6.74,2.73295797446601,4.30630407228622,7.60612133431288,3.29981726202667,1.57334609782021
"188","Pist_CoolS/CoolF_B1_R4_nitro",1,"CoolS/CoolF_nitro","pinus","pinus_strobus",3,244,16.94,6.82673950138489,8.025737791498,17.6591296675786,9.6333918760806,1.19899829011311
"189","Pist_CoolS/CoolF_B1_R5",1,"CoolS/CoolF","pinus","pinus_strobus",3,185,34.5,5.85348822824838,21.0352483316075,33.9458977031523,12.9106493715447,15.1817601033592
"190","Pist_CoolS/CoolF_B1_R5_nitro",1,"CoolS/CoolF_nitro","pinus","pinus_strobus",3,245,16.9,6.37838929611429,10.2703036525105,17.3624691865413,7.09216553403084,3.8919143563962
"191","Pist_CoolS/CoolF_B2_R10",2,"CoolS/CoolF","pinus","pinus_strobus",3,190,38.44,5.23017134913666,13.0485004046876,31.159903052601,18.1114026479134,7.81832905555097
"192","Pist_CoolS/CoolF_B2_R10_nitro",2,"CoolS/CoolF_nitro","pinus","pinus_strobus",3,250,8.91,6.25803840573695,8.39618999145921,11.3935556869533,2.99736569549404,2.13815158572227
"193","Pist_CoolS/CoolF_B2_R6",2,"CoolS/CoolF","pinus","pinus_strobus",3,186,14.73,6.03833789894372,9.64875423258597,18.7799021758798,9.1311479432938,3.61041633364225
"194","Pist_CoolS/CoolF_B2_R6_nitro",2,"CoolS/CoolF_nitro","pinus","pinus_strobus",3,246,19.6,8.08006479390688,15.9322333633532,21.5541583755867,5.62192501223351,7.85216856944631
"195","Pist_CoolS/CoolF_B2_R7",2,"CoolS/CoolF","pinus","pinus_strobus",3,187,12.31,5.24865223953997,9.81454943399296,14.2728515903573,4.45830215636437,4.56589719445299
"196","Pist_CoolS/CoolF_B2_R7_nitro",2,"CoolS/CoolF_nitro","pinus","pinus_strobus",3,247,38.34,8.19252647393418,19.7226679591214,38.1843648309732,18.4616968718518,11.5301414851872
"197","Pist_CoolS/CoolF_B2_R8",2,"CoolS/CoolF","pinus","pinus_strobus",3,188,23.5,7.47433439785414,13.8462650255291,23.7623310925265,9.9160660669974,6.37193062767498
"198","Pist_CoolS/CoolF_B2_R8_nitro",2,"CoolS/CoolF_nitro","pinus","pinus_strobus",3,248,12.93,4.85764279915257,10.322095224371,17.235952452439,6.91385722806801,5.46445242521839
"199","Pist_CoolS/CoolF_B2_R9",2,"CoolS/CoolF","pinus","pinus_strobus",3,189,23.66,6.42817984980503,17.4405484964865,28.7608019245812,11.3202534280947,11.0123686466815
"200","Pist_CoolS/CoolF_B2_R9_nitro",2,"CoolS/CoolF_nitro","pinus","pinus_strobus",3,249,52.86,7.6289573205115,17.7280835123437,60.5525069154771,42.8244234031334,10.0991261918322
"201","Pist_CoolS/CoolF_B3_R11",3,"CoolS/CoolF","pinus","pinus_strobus",3,191,22.52,5.57066278735463,15.2082356262206,26.9264613478141,11.7182257215935,9.63757283886597
"202","Pist_CoolS/CoolF_B3_R11_nitro",3,"CoolS/CoolF_nitro","pinus","pinus_strobus",3,251,11,5.05582352826513,8.24255422860855,14.3911895804281,6.14863535181959,3.18673070034343
"203","Pist_CoolS/CoolF_B3_R12",3,"CoolS/CoolF","pinus","pinus_strobus",3,192,19.85,4.53533190647429,12.1351628403669,24.0933230657487,11.9581602253818,7.59983093389265
"204","Pist_CoolS/CoolF_B3_R12_nitro",3,"CoolS/CoolF_nitro","pinus","pinus_strobus",3,252,39.56,5.52066469290483,16.8645418366868,53.8848278588699,37.0202860221832,11.3438771437819
"205","Pist_CoolS/CoolF_B3_R13",3,"CoolS/CoolF","pinus","pinus_strobus",3,193,30.22,6.08850057020413,12.4838721054687,26.4497983134799,13.9659262080112,6.39537153526462
"206","Pist_CoolS/CoolF_B3_R13_nitro",3,"CoolS/CoolF_nitro","pinus","pinus_strobus",3,253,23.19,5.10365383050918,14.1962013818017,22.3512551048252,8.1550537230235,9.09254755129256
"207","Pist_CoolS/CoolF_B3_R14",3,"CoolS/CoolF","pinus","pinus_strobus",3,194,7.96,3.71331167071866,5.39047001243447,7.15706398582699,1.76659397339252,1.6771583417158
"208","Pist_CoolS/CoolF_B3_R14_nitro",3,"CoolS/CoolF_nitro","pinus","pinus_strobus",3,254,10.79,7.01334116503504,11.5604574280621,15.7178223103411,4.15736488227898,4.54711626302704
"209","Pist_CoolS/CoolF_B3_R15",3,"CoolS/CoolF","pinus","pinus_strobus",3,195,24.36,8.37789758214008,20.5525903723535,33.8566983979658,13.3041080256123,12.1746927902134
"210","Pist_CoolS/CoolF_B3_R15_nitro",3,"CoolS/CoolF_nitro","pinus","pinus_strobus",3,255,14.19,6.73705774363469,13.4811103594557,22.5057547561108,9.02464439665509,6.74405261582099
"211","Pist_CoolS/WarmF_B1_R1",1,"CoolS/WarmF","pinus","pinus_strobus",3,211,24.32,7.0033536932211,12.540831484372,25.8678428184577,13.3270113340857,5.5374777911509
"212","Pist_CoolS/WarmF_B1_R2",1,"CoolS/WarmF","pinus","pinus_strobus",3,212,10.3,5.87545221970462,8.66359230344636,11.3468247100539,2.68323240660757,2.78814008374174
"213","Pist_CoolS/WarmF_B1_R3",1,"CoolS/WarmF","pinus","pinus_strobus",3,213,24.25,5.13860598646907,11.391672120594,19.0428588424938,7.65118672189978,6.25306613412495
"214","Pist_CoolS/WarmF_B1_R4",1,"CoolS/WarmF","pinus","pinus_strobus",3,214,17.16,5.34907438999708,9.42404870434863,14.7776226756854,5.35357397133674,4.07497431435155
"215","Pist_CoolS/WarmF_B1_R5",1,"CoolS/WarmF","pinus","pinus_strobus",3,215,15.64,4.7268100866638,13.7964633538539,18.8985552429528,5.10209188909895,9.06965326719005
"216","Pist_CoolS/WarmF_B2_R10",2,"CoolS/WarmF","pinus","pinus_strobus",3,220,42.43,6.55556548516953,14.7939217364337,37.2173171576749,22.4233954212412,8.23835625126413
"217","Pist_CoolS/WarmF_B2_R6",2,"CoolS/WarmF","pinus","pinus_strobus",3,216,7.43,5.73013948852993,7.38163720839152,9.18223732649502,1.8006001181035,1.65149771986159
"218","Pist_CoolS/WarmF_B2_R7",2,"CoolS/WarmF","pinus","pinus_strobus",3,217,38.09,6.64259727994855,11.0809682082715,34.2468287113329,23.1658605030614,4.43837092832299
"219","Pist_CoolS/WarmF_B2_R8",2,"CoolS/WarmF","pinus","pinus_strobus",3,218,18.51,4.26333369549815,7.17300197062021,17.8128221219374,10.6398201513172,2.90966827512206
"220","Pist_CoolS/WarmF_B2_R9",2,"CoolS/WarmF","pinus","pinus_strobus",3,219,73.84,7.41032917229094,15.4807064116714,39.4921254939454,24.011419082274,8.07037723938046
"221","Pist_CoolS/WarmF_B3_R11",3,"CoolS/WarmF","pinus","pinus_strobus",3,221,14.45,6.55801579253992,13.5747533043969,15.8529749971631,2.27822169276621,7.01673751185693
"222","Pist_CoolS/WarmF_B3_R12",3,"CoolS/WarmF","pinus","pinus_strobus",3,222,22.89,7.77855091480771,13.4590709985656,26.6917512284368,13.2326802298713,5.68052008375789
"223","Pist_CoolS/WarmF_B3_R13",3,"CoolS/WarmF","pinus","pinus_strobus",3,223,26.16,6.86629088695775,10.1643827230784,22.8972207840985,12.7328380610202,3.2980918361206
"224","Pist_CoolS/WarmF_B3_R14",3,"CoolS/WarmF","pinus","pinus_strobus",3,224,34.84,6.03575259124879,12.824771212701,35.440019993522,22.615248780821,6.78901862145226
"225","Pist_CoolS/WarmF_B3_R15",3,"CoolS/WarmF","pinus","pinus_strobus",3,225,7.27,5.59971928474262,7.79693843029648,9.98738182366624,2.19044339336976,2.19721914555386
"226","Pist_WarmS/CoolF_B1_R1",1,"WarmS/CoolF","pinus","pinus_strobus",3,196,13.79,6.4071261951892,12.0923864821082,16.8615125267197,4.76912604461157,5.68526028691895
"227","Pist_WarmS/CoolF_B1_R2",1,"WarmS/CoolF","pinus","pinus_strobus",3,197,16.67,5.30113126762377,13.9906805036717,18.8276001148159,4.83691961114419,8.6895492360479
"228","Pist_WarmS/CoolF_B1_R3",1,"WarmS/CoolF","pinus","pinus_strobus",3,198,36.82,6.88904162286597,17.6472939962963,42.121550079354,24.4742560830577,10.7582523734303
"229","Pist_WarmS/CoolF_B1_R4",1,"WarmS/CoolF","pinus","pinus_strobus",3,199,11.29,5.62688825313938,8.80006738127561,13.2802129812359,4.48014559996026,3.17317912813623
"230","Pist_WarmS/CoolF_B1_R5",1,"WarmS/CoolF","pinus","pinus_strobus",3,200,8.39,5.35317208998672,7.49716110462912,11.0992690678997,3.60210796327061,2.1439890146424
"231","Pist_WarmS/CoolF_B2_R10",2,"WarmS/CoolF","pinus","pinus_strobus",3,205,20.76,5.93137978743917,19.774609811065,26.1818257363848,6.40721592531975,13.8432300236258
"232","Pist_WarmS/CoolF_B2_R6",2,"WarmS/CoolF","pinus","pinus_strobus",3,201,44.96,6.58803633825274,15.3893783325135,37.6616286951542,22.2722503626407,8.80134199426071
"233","Pist_WarmS/CoolF_B2_R7",2,"WarmS/CoolF","pinus","pinus_strobus",3,202,14.26,6.33153964508484,13.4983047094835,19.1435778506396,5.64527314115615,7.16676506439863
"234","Pist_WarmS/CoolF_B2_R8",2,"WarmS/CoolF","pinus","pinus_strobus",3,203,21.32,4.62281693119075,10.7553963055544,21.5104058870976,10.7550095815433,6.13257937436363
"235","Pist_WarmS/CoolF_B2_R9",2,"WarmS/CoolF","pinus","pinus_strobus",3,204,27.03,7.92820680994407,21.5447963349918,28.2859149612611,6.74111862626927,13.6165895250477
"236","Pist_WarmS/CoolF_B3_R11",3,"WarmS/CoolF","pinus","pinus_strobus",3,206,5.03,5.92112490967667,7.36747845595631,8.21780040213184,0.850321946175526,1.44635354627964
"237","Pist_WarmS/CoolF_B3_R12",3,"WarmS/CoolF","pinus","pinus_strobus",3,207,24.09,7.03326044141653,15.8855062265438,22.2914139009471,6.40590767440325,8.8522457851273
"238","Pist_WarmS/CoolF_B3_R13",3,"WarmS/CoolF","pinus","pinus_strobus",3,208,12.56,3.72897492229781,9.64910692058702,14.1906072378852,4.54150031729821,5.92013199828921
"239","Pist_WarmS/CoolF_B3_R14",3,"WarmS/CoolF","pinus","pinus_strobus",3,209,54.94,7.71717251541132,24.4759035540633,48.6887137851433,24.21281023108,16.7587310386519
"240","Pist_WarmS/CoolF_B3_R15",3,"WarmS/CoolF","pinus","pinus_strobus",3,210,20.2,6.92210186642062,14.3308526748218,20.9542640862654,6.62341141144358,7.40875080840122
"241","Pist_WarmS/WarmF_B1_R1",1,"WarmS/WarmF","pinus","pinus_strobus",3,226,29.7,6.82925666943145,12.5819536869005,30.959214471734,18.3772607848335,5.75269701746902
"242","Pist_WarmS/WarmF_B1_R1_nitro",1,"WarmS/WarmF_nitro","pinus","pinus_strobus",3,256,16.73,4.42177776268333,15.3924923241129,22.0711592812515,6.67866695713854,10.9707145614296
"243","Pist_WarmS/WarmF_B1_R2",1,"WarmS/WarmF","pinus","pinus_strobus",3,227,30.06,5.53474589190959,8.98250160652966,26.1405647921785,17.1580631856488,3.44775571462007
"244","Pist_WarmS/WarmF_B1_R2_nitro",1,"WarmS/WarmF_nitro","pinus","pinus_strobus",3,257,23.87,6.69291932342428,8.9976677946337,29.9686295839697,20.970961789336,2.30474847120941
"245","Pist_WarmS/WarmF_B1_R3",1,"WarmS/WarmF","pinus","pinus_strobus",3,228,13.81,5.38680191754447,9.15239657280258,16.1911551609794,7.03875858817684,3.7655946552581
"246","Pist_WarmS/WarmF_B1_R3_nitro",1,"WarmS/WarmF_nitro","pinus","pinus_strobus",3,258,16.87,4.95061601588578,14.3216986612727,18.2829308052178,3.96123214394516,9.37108264538688
"247","Pist_WarmS/WarmF_B1_R4",1,"WarmS/WarmF","pinus","pinus_strobus",3,229,7.9,4.60688309159403,7.70405811862661,9.92365135027291,2.2195932316463,3.09717502703257
"248","Pist_WarmS/WarmF_B1_R4_nitro",1,"WarmS/WarmF_nitro","pinus","pinus_strobus",3,259,15.13,3.54303380706567,11.7949611300232,18.0590579459985,6.2640968159753,8.25192732295757
"249","Pist_WarmS/WarmF_B1_R5",1,"WarmS/WarmF","pinus","pinus_strobus",3,230,26.6,5.24374024005754,18.7975109393584,23.1388536846686,4.34134274531029,13.5537706993008
"250","Pist_WarmS/WarmF_B1_R5_nitro",1,"WarmS/WarmF_nitro","pinus","pinus_strobus",3,260,18.65,5.71277076918204,16.7920474328072,23.3514230592816,6.55937562647444,11.0792766636251
"251","Pist_WarmS/WarmF_B2_R10",2,"WarmS/WarmF","pinus","pinus_strobus",3,235,52.07,7.53498999447906,15.9702072041008,39.2750164553399,23.3048092512391,8.43521720962175
"252","Pist_WarmS/WarmF_B2_R10_nitro",2,"WarmS/WarmF_nitro","pinus","pinus_strobus",3,265,37.35,6.30571466926286,16.7493849641245,37.3004953117088,20.5511103475843,10.4436702948616
"253","Pist_WarmS/WarmF_B2_R6",2,"WarmS/WarmF","pinus","pinus_strobus",3,231,15.96,4.96147939176493,8.03956223774389,20.1839386025931,12.1443763648492,3.07808284597896
"254","Pist_WarmS/WarmF_B2_R6_nitro",2,"WarmS/WarmF_nitro","pinus","pinus_strobus",3,261,17.66,4.82991179656037,13.3069950933562,19.3899017713547,6.08290667799856,8.47708329679579
"255","Pist_WarmS/WarmF_B2_R7",2,"WarmS/WarmF","pinus","pinus_strobus",3,232,16.79,6.32311057730374,12.1503196530454,17.5801576047028,5.42983795165742,5.82720907574161
"256","Pist_WarmS/WarmF_B2_R7_nitro",2,"WarmS/WarmF_nitro","pinus","pinus_strobus",3,262,10.42,5.06997023661153,8.0199143529019,12.3440223615182,4.32410800861632,2.94994411629037
"257","Pist_WarmS/WarmF_B2_R8",2,"WarmS/WarmF","pinus","pinus_strobus",3,233,27.22,4.33282475891789,9.6004015785817,32.641271605166,23.0408700265843,5.2675768196638
"258","Pist_WarmS/WarmF_B2_R9",2,"WarmS/WarmF","pinus","pinus_strobus",3,234,27.38,5.96230222329614,17.3600684125614,26.9357363107292,9.57566789816788,11.3977661892652
"259","Pist_WarmS/WarmF_B2_R9_nitro",2,"WarmS/WarmF_nitro","pinus","pinus_strobus",3,264,45.89,7.91866804512436,14.3583306413657,34.9739023316517,20.615571690286,6.43966259624133
"260","Pist_WarmS/WarmF_B3_R11",3,"WarmS/WarmF","pinus","pinus_strobus",3,236,10.87,4.77006579582855,8.18981768166942,11.6460716363847,3.4562539547153,3.41975188584087
"261","Pist_WarmS/WarmF_B3_R11_nitro",3,"WarmS/WarmF_nitro","pinus","pinus_strobus",3,266,18.05,5.69897563131101,15.0332833190187,19.9946031464992,4.96131982748051,9.33430768770772
"262","Pist_WarmS/WarmF_B3_R12",3,"WarmS/WarmF","pinus","pinus_strobus",3,237,23.62,7.34025231857848,14.774964413556,30.9411835050046,16.1662190914486,7.4347120949775
"263","Pist_WarmS/WarmF_B3_R12_nitro",3,"WarmS/WarmF_nitro","pinus","pinus_strobus",3,267,10.31,6.6882002477215,11.3626191668281,12.7261045957103,1.3634854288822,4.67441891910658
"264","Pist_WarmS/WarmF_B3_R13",3,"WarmS/WarmF","pinus","pinus_strobus",3,238,18.29,6.36021546074217,13.9456578715837,22.31532905005,8.3696711784663,7.58544241084154
"265","Pist_WarmS/WarmF_B3_R13_nitro",3,"WarmS/WarmF_nitro","pinus","pinus_strobus",3,268,10.7,6.0378519644432,9.89073965537325,14.046454702227,4.15571504685374,3.85288769093005
"266","Pist_WarmS/WarmF_B3_R14",3,"WarmS/WarmF","pinus","pinus_strobus",3,239,11.29,3.86895877741643,9.36964670183035,11.7823318971839,2.41268519535359,5.50068792441392
"267","Pist_WarmS/WarmF_B3_R14_nitro",3,"WarmS/WarmF_nitro","pinus","pinus_strobus",3,269,44.84,5.95725501730659,13.9318871003968,41.0198663297968,27.0879792294,7.97463208309018
"268","Pist_WarmS/WarmF_B3_R15",3,"WarmS/WarmF","pinus","pinus_strobus",3,240,12.89,4.97021896282481,16.0578791237957,21.0760176291408,5.01813850534511,11.0876601609709
"269","Pist_WarmS/WarmF_B3_R15_nitro",3,"WarmS/WarmF_nitro","pinus","pinus_strobus",3,270,19.81,2.68584795010269,8.04476954383904,19.292590688067,11.2478211442279,5.35892159373635
"280","Poba_CoolS/CoolF_B2_R10",2,"CoolS/CoolF","populus","populus_balsamifera",4,280,15.35,5.29214078437176,9.00524683741452,13.6017273058712,4.59648046845664,3.71310605304276
"281","Poba_CoolS/CoolF_B2_R10_nitro",2,"CoolS/CoolF_nitro","populus","populus_balsamifera",4,340,21.18,4.60142854267629,10.2899945958019,16.0963200323114,5.80632543650952,5.6885660531256
"282","Poba_CoolS/CoolF_B2_R6_nitro",2,"CoolS/CoolF_nitro","populus","populus_balsamifera",4,336,11.04,4.81972453834016,8.44239620845412,13.8578445245707,5.41544831611653,3.62267167011396
"283","Poba_CoolS/CoolF_B2_R7_nitro",2,"CoolS/CoolF_nitro","populus","populus_balsamifera",4,337,15.63,5.36386110792382,9.00807219886602,13.233600642058,4.22552844319195,3.6442110909422
"284","Poba_CoolS/CoolF_B2_R8",2,"CoolS/CoolF","populus","populus_balsamifera",4,278,12.46,4.31081227822693,7.78016277222131,13.9955755154797,6.21541274325836,3.46935049399438
"285","Poba_CoolS/CoolF_B2_R8_nitro",2,"CoolS/CoolF_nitro","populus","populus_balsamifera",4,338,9.83,4.12748554789889,6.26197949938493,10.2912242625053,4.02924476312036,2.13449395148604
"286","Poba_CoolS/CoolF_B2_R9",2,"CoolS/CoolF","populus","populus_balsamifera",4,279,9.85,4.40785900831124,6.0041069732283,10.9736229554953,4.96951598226702,1.59624796491706
"287","Poba_CoolS/CoolF_B2_R9_nitro",2,"CoolS/CoolF_nitro","populus","populus_balsamifera",4,339,9.71,5.12725043583941,6.31778741583178,10.1137250079492,3.79593759211745,1.19053697999237
"288","Poba_CoolS/CoolF_B3_R11",3,"CoolS/CoolF","populus","populus_balsamifera",4,281,6.28,NA,3.20684657903019,8.89715352349157,5.69030694446139,NA
"289","Poba_CoolS/CoolF_B3_R11_nitro",3,"CoolS/CoolF_nitro","populus","populus_balsamifera",4,341,14.4,4.58099014076184,7.39733908605221,12.8662563664746,5.46891728042235,2.81634894529037
"290","Poba_CoolS/CoolF_B3_R12_nitro",3,"CoolS/CoolF_nitro","populus","populus_balsamifera",4,342,17.88,4.13046693949011,8.77663912940612,14.0196616183248,5.24302248891868,4.64617218991602
"291","Poba_CoolS/CoolF_B3_R13",3,"CoolS/CoolF","populus","populus_balsamifera",4,283,10.18,3.56558285709367,6.20218731877509,10.8796637587904,4.67747644001532,2.63660446168142
"292","Poba_CoolS/CoolF_B3_R13_nitro",3,"CoolS/CoolF_nitro","populus","populus_balsamifera",4,343,18.33,5.03631840345665,7.22374933474405,14.9309372833166,7.70718794857253,2.18743093128741
"293","Poba_CoolS/CoolF_B3_R14",3,"CoolS/CoolF","populus","populus_balsamifera",4,284,6.95,2.91063189483502,4.26187023278556,8.97999306403112,4.71812283124556,1.35123833795054
"294","Poba_CoolS/CoolF_B3_R14_nitro",3,"CoolS/CoolF_nitro","populus","populus_balsamifera",4,344,11.17,4.13801714873522,7.56156133476558,12.6269317608592,5.06537042609361,3.42354418603036
"295","Poba_CoolS/CoolF_B3_R15",3,"CoolS/CoolF","populus","populus_balsamifera",4,285,14.54,2.89963082977911,8.05841077330455,13.934495426599,5.87608465329444,5.15877994352544
"296","Poba_CoolS/CoolF_B3_R15_nitro",3,"CoolS/CoolF_nitro","populus","populus_balsamifera",4,345,11.15,3.85597089420961,8.82258382539392,14.3109041548566,5.48832032946269,4.9666129311843
"302","Poba_CoolS/WarmF_B2_R10",2,"CoolS/WarmF","populus","populus_balsamifera",4,310,12.13,4.0233238008585,7.53103876107493,13.3119789629506,5.78094020187567,3.50771496021643
"303","Poba_CoolS/WarmF_B2_R6",2,"CoolS/WarmF","populus","populus_balsamifera",4,306,10.98,3.48386462724091,7.56035981248638,11.8738524378052,4.31349262531882,4.07649518524546
"304","Poba_CoolS/WarmF_B2_R7",2,"CoolS/WarmF","populus","populus_balsamifera",4,307,9.97,5.54444302823311,8.06367630796963,11.927237358966,3.86356105099641,2.51923327973652
"305","Poba_CoolS/WarmF_B2_R8",2,"CoolS/WarmF","populus","populus_balsamifera",4,308,8.15,4.04870140310671,6.08396950703398,10.2998905285514,4.21592102151747,2.03526810392727
"306","Poba_CoolS/WarmF_B2_R9",2,"CoolS/WarmF","populus","populus_balsamifera",4,309,11.08,3.7271151628015,6.41939029900125,11.9603409245283,5.54095062552708,2.69227513619974
"307","Poba_CoolS/WarmF_B3_R11",3,"CoolS/WarmF","populus","populus_balsamifera",4,311,14.33,4.08025136592077,8.24240820739662,14.0969905108037,5.85458230340706,4.16215684147585
"308","Poba_CoolS/WarmF_B3_R12",3,"CoolS/WarmF","populus","populus_balsamifera",4,312,19.16,4.8170990270694,9.34998202169289,15.4732471348304,6.12326511313752,4.53288299462349
"309","Poba_CoolS/WarmF_B3_R13",3,"CoolS/WarmF","populus","populus_balsamifera",4,313,10.35,3.26192732812836,6.83912669104206,12.1448895078215,5.30576281677941,3.5771993629137
"310","Poba_CoolS/WarmF_B3_R14",3,"CoolS/WarmF","populus","populus_balsamifera",4,314,17.91,4.16472900893824,9.23215947755878,15.9334885192506,6.70132904169183,5.06743046862054
"311","Poba_CoolS/WarmF_B3_R15",3,"CoolS/WarmF","populus","populus_balsamifera",4,315,10.6,4.06521630458634,9.10963950082562,13.2123228121962,4.10268331137062,5.04442319623929
"317","Poba_WarmS/CoolF_B2_R10",2,"WarmS/CoolF","populus","populus_balsamifera",4,295,13.35,4.5491239444796,7.79236541496035,14.4384721136896,6.64610669872924,3.24324147048076
"318","Poba_WarmS/CoolF_B2_R7",2,"WarmS/CoolF","populus","populus_balsamifera",4,292,18.52,4.15943388529354,8.23330048944016,15.0582012109174,6.8249007214772,4.07386660414662
"319","Poba_WarmS/CoolF_B2_R9",2,"WarmS/CoolF","populus","populus_balsamifera",4,294,15.15,3.5555762732349,9.43184085486468,13.8618861482242,4.4300452933595,5.87626458162979
"320","Poba_WarmS/CoolF_B3_R11",3,"WarmS/CoolF","populus","populus_balsamifera",4,296,8.02,4.50730222967278,9.47124316902508,10.791995981111,1.32075281208592,4.9639409393523
"321","Poba_WarmS/CoolF_B3_R12",3,"WarmS/CoolF","populus","populus_balsamifera",4,297,17.35,4.07471245996904,10.3465106754046,16.559809129095,6.21329845369043,6.27179821543557
"322","Poba_WarmS/CoolF_B3_R13",3,"WarmS/CoolF","populus","populus_balsamifera",4,298,11.02,3.26292005869236,6.34425642227494,11.6256743455594,5.28141792328443,3.08133636358258
"323","Poba_WarmS/CoolF_B3_R14",3,"WarmS/CoolF","populus","populus_balsamifera",4,299,13.14,3.79182511348214,7.18571484294102,11.7042772427196,4.51856239977862,3.39388972945888
"324","Poba_WarmS/CoolF_B3_R15",3,"WarmS/CoolF","populus","populus_balsamifera",4,300,10.69,3.89025796011689,6.98119321766574,9.80995081917271,2.82875760150697,3.09093525754885
"335","Poba_WarmS/WarmF_B2_R10",2,"WarmS/WarmF","populus","populus_balsamifera",4,325,12.54,5.00875909038203,8.51646707003727,13.836593060534,5.32012599049668,3.50770797965524
"336","Poba_WarmS/WarmF_B2_R10_nitro",2,"WarmS/WarmF_nitro","populus","populus_balsamifera",4,355,8.75,4.2356556881849,9.03860202701465,13.0824539532934,4.04385192627871,4.80294633882976
"337","Poba_WarmS/WarmF_B2_R6",2,"WarmS/WarmF","populus","populus_balsamifera",4,321,15.89,5.45753817285393,8.01784925803956,14.2301022154849,6.21225295744536,2.56031108518563
"338","Poba_WarmS/WarmF_B2_R6_nitro",2,"WarmS/WarmF_nitro","populus","populus_balsamifera",4,351,14.67,4.87695618387994,8.00211410255347,13.9426036466982,5.94048954414473,3.12515791867353
"339","Poba_WarmS/WarmF_B2_R7",2,"WarmS/WarmF","populus","populus_balsamifera",4,322,10.25,5.50013811553857,7.0578803436424,13.0327545319528,5.97487418831038,1.55774222810384
"340","Poba_WarmS/WarmF_B2_R7_nitro",2,"WarmS/WarmF_nitro","populus","populus_balsamifera",4,352,10.19,4.27624715277944,8.39288055092508,12.3075581748187,3.91467762389364,4.11663339814564
"341","Poba_WarmS/WarmF_B2_R8",2,"WarmS/WarmF","populus","populus_balsamifera",4,323,9.05,3.48038566239805,6.28300675883614,9.38834678254551,3.10534002370937,2.8026210964381
"342","Poba_WarmS/WarmF_B2_R8_nitro",2,"WarmS/WarmF_nitro","populus","populus_balsamifera",4,353,10.25,3.38370150932544,6.61678719531257,12.1474745410239,5.53068734571131,3.23308568598713
"343","Poba_WarmS/WarmF_B2_R9",2,"WarmS/WarmF","populus","populus_balsamifera",4,324,15.03,4.32260552708572,10.5409179413882,14.0060778527807,3.46515991139252,6.21831241430247
"344","Poba_WarmS/WarmF_B3_R11",3,"WarmS/WarmF","populus","populus_balsamifera",4,326,11.25,3.86056009931176,5.24567705772595,11.7851598161438,6.53948275841785,1.38511695841419
"345","Poba_WarmS/WarmF_B3_R11_nitro",3,"WarmS/WarmF_nitro","populus","populus_balsamifera",4,356,14.38,5.05060136038387,7.64600191570968,11.1484894554486,3.50248753973892,2.59540055532581
"346","Poba_WarmS/WarmF_B3_R12",3,"WarmS/WarmF","populus","populus_balsamifera",4,327,8.26,4.5780132801896,6.55645734749881,11.1282660111611,4.5718086636623,1.97844406730921
"347","Poba_WarmS/WarmF_B3_R12_nitro",3,"WarmS/WarmF_nitro","populus","populus_balsamifera",4,357,14.69,4.43174900533767,8.14462365924346,13.5298170518131,5.38519339256969,3.71287465390578
"348","Poba_WarmS/WarmF_B3_R13",3,"WarmS/WarmF","populus","populus_balsamifera",4,328,10.84,4.23902894534312,8.00884540267686,13.5546482311325,5.54580282845562,3.76981645733373
"349","Poba_WarmS/WarmF_B3_R13_nitro",3,"WarmS/WarmF_nitro","populus","populus_balsamifera",4,358,14.54,4.20395410600276,7.70272189055563,12.1471329324534,4.44441104189773,3.49876778455287
"350","Poba_WarmS/WarmF_B3_R14",3,"WarmS/WarmF","populus","populus_balsamifera",4,329,10.98,3.85185682142867,6.77568481950646,14.0407966460854,7.26511182657897,2.92382799807779
"351","Poba_WarmS/WarmF_B3_R14_nitro",3,"WarmS/WarmF_nitro","populus","populus_balsamifera",4,359,19.82,4.26201587498559,9.95154236329864,16.2224662192884,6.27092385598978,5.68952648831305
"352","Poba_WarmS/WarmF_B3_R15",3,"WarmS/WarmF","populus","populus_balsamifera",4,330,10.46,4.57375352558119,7.1912282054686,10.6684936098351,3.47726540436648,2.61747467988741
"353","Poba_WarmS/WarmF_B3_R15_nitro",3,"WarmS/WarmF_nitro","populus","populus_balsamifera",4,360,15.18,3.40183247620149,8.8260817369282,15.6132592735839,6.78717753665567,5.4242492607267
"354","Prvi_CoolS/CoolF_B1_R1",1,"CoolS/CoolF","prunus","prunus_virginiana",5,361,2.29,1.66580139209324,1.58035977614456,1.76987705496524,0.18951727882068,-0.0854416159486788
"355","Prvi_CoolS/CoolF_B1_R1_nitro",1,"CoolS/CoolF_nitro","prunus","prunus_virginiana",5,421,1.78,1.56977029748644,1.52377082127655,1.97513530059891,0.451364479322365,-0.0459994762098985
"356","Prvi_CoolS/CoolF_B1_R2",1,"CoolS/CoolF","prunus","prunus_virginiana",5,362,1.94,1.83100796501821,1.93133328949587,2.20991059872146,0.278577309225595,0.100325324477655
"357","Prvi_CoolS/CoolF_B1_R2_nitro",1,"CoolS/CoolF_nitro","prunus","prunus_virginiana",5,422,1.35,NA,1.44492101572319,1.5996047816244,0.154683765901205,NA
"358","Prvi_CoolS/CoolF_B1_R3",1,"CoolS/CoolF","prunus","prunus_virginiana",5,363,1.62,1.46033785613054,1.56449717934607,1.87345411098177,0.308956931635702,0.104159323215525
"359","Prvi_CoolS/CoolF_B1_R3_nitro",1,"CoolS/CoolF_nitro","prunus","prunus_virginiana",5,423,1.8,1.92177526188184,1.9307844544097,2.08910184262564,0.158317388215938,0.00900919252786148
"360","Prvi_CoolS/CoolF_B1_R4",1,"CoolS/CoolF","prunus","prunus_virginiana",5,364,1.43,1.48465553421911,1.49513801864623,2.07125372198145,0.576115703335218,0.0104824844271223
"361","Prvi_CoolS/CoolF_B1_R4_nitro",1,"CoolS/CoolF_nitro","prunus","prunus_virginiana",5,424,1.57,NA,1.08984816795913,2.11089661883986,1.02104845088073,NA
"362","Prvi_CoolS/CoolF_B1_R5",1,"CoolS/CoolF","prunus","prunus_virginiana",5,365,1.59,1.70032824874598,1.86465393965982,2.03114323785324,0.166489298193422,0.164325690913838
"363","Prvi_CoolS/CoolF_B2_R10",2,"CoolS/CoolF","prunus","prunus_virginiana",5,370,3.01,2.32349250874311,2.49444656319452,2.80490233196038,0.31045576876586,0.170954054451412
"364","Prvi_CoolS/CoolF_B2_R10_nitro",2,"CoolS/CoolF_nitro","prunus","prunus_virginiana",5,430,2.29,1.84666439862999,2.00023695099884,2.17507694842197,0.174839997423135,0.153572552368849
"365","Prvi_CoolS/CoolF_B2_R6",2,"CoolS/CoolF","prunus","prunus_virginiana",5,366,3.91,2.03250725210642,2.32310941929751,3.03384953236754,0.710740113070034,0.290602167191087
"366","Prvi_CoolS/CoolF_B2_R6_nitro",2,"CoolS/CoolF_nitro","prunus","prunus_virginiana",5,426,1.59,1.87005568306495,2.12979115275875,2.09050578859692,-0.039285364161822,0.259735469693792
"367","Prvi_CoolS/CoolF_B2_R7",2,"CoolS/CoolF","prunus","prunus_virginiana",5,367,2.08,1.9588783347971,2.00280592266213,2.29377419688115,0.290968274219025,0.0439275878650267
"368","Prvi_CoolS/CoolF_B2_R7_nitro",2,"CoolS/CoolF_nitro","prunus","prunus_virginiana",5,427,1.81,1.75070173108768,1.91186503623736,2.07149373258458,0.159628696347221,0.161163305149678
"369","Prvi_CoolS/CoolF_B2_R8",2,"CoolS/CoolF","prunus","prunus_virginiana",5,368,1.45,2.24643672849959,2.42295975853388,2.46223355955147,0.0392738010175946,0.176523030034292
"370","Prvi_CoolS/CoolF_B2_R8_nitro",2,"CoolS/CoolF_nitro","prunus","prunus_virginiana",5,428,1.76,1.6761251684693,1.72390657597121,2.03135312415585,0.307446548184644,0.0477814075019096
"371","Prvi_CoolS/CoolF_B2_R9",2,"CoolS/CoolF","prunus","prunus_virginiana",5,369,2.61,2.09856612206351,2.28563161704669,2.61489627210235,0.329264655055665,0.187065494983174
"372","Prvi_CoolS/CoolF_B2_R9_nitro",2,"CoolS/CoolF_nitro","prunus","prunus_virginiana",5,429,1.94,1.80697781636473,1.90811830133136,2.26644312327072,0.358324821939358,0.101140484966636
"373","Prvi_CoolS/CoolF_B3_R11",3,"CoolS/CoolF","prunus","prunus_virginiana",5,371,1.14,1.24127833911515,1.36789450366434,1.40298639010537,0.0350918864410295,0.126616164549195
"374","Prvi_CoolS/CoolF_B3_R12",3,"CoolS/CoolF","prunus","prunus_virginiana",5,372,0.78,1.55754788353054,1.17229920491917,1.38672195435248,0.214422749433312,-0.38524867861137
"375","Prvi_CoolS/CoolF_B3_R12_nitro",3,"CoolS/CoolF_nitro","prunus","prunus_virginiana",5,432,0.99,1.64702006968547,1.80266011425931,2.10922420510399,0.30656409084468,0.155640044573848
"376","Prvi_CoolS/CoolF_B3_R13",3,"CoolS/CoolF","prunus","prunus_virginiana",5,373,0.94,1.42282001210628,1.4670259676014,1.56569450196513,0.0986685343637261,0.0442059554951231
"377","Prvi_CoolS/CoolF_B3_R13_nitro",3,"CoolS/CoolF_nitro","prunus","prunus_virginiana",5,433,1.86,1.81850450176239,1.93963137448039,2.16828551397656,0.228654139496172,0.121126872717998
"378","Prvi_CoolS/CoolF_B3_R14",3,"CoolS/CoolF","prunus","prunus_virginiana",5,374,0.61,1.25914045816529,1.22291504734947,1.3761971795262,0.153282132176734,-0.0362254108158264
"379","Prvi_CoolS/CoolF_B3_R14_nitro",3,"CoolS/CoolF_nitro","prunus","prunus_virginiana",5,434,2.82,1.85469030337958,2.17841545039037,2.75561048666049,0.577195036270115,0.323725147010792
"380","Prvi_CoolS/CoolF_B3_R15",3,"CoolS/CoolF","prunus","prunus_virginiana",5,375,1.96,1.45132260047688,1.59190138490571,2.10269245254753,0.510791067641824,0.140578784428829
"381","Prvi_CoolS/CoolF_B3_R15_nitro",3,"CoolS/CoolF_nitro","prunus","prunus_virginiana",5,435,2.84,1.92364507087386,1.73574295098059,2.44366815804327,0.707925207062679,-0.187902119893272
"382","Prvi_CoolS/WarmF_B1_R1",1,"CoolS/WarmF","prunus","prunus_virginiana",5,391,1.98,NA,1.24343357394499,1.86039437981429,0.616960805869305,NA
"383","Prvi_CoolS/WarmF_B1_R2",1,"CoolS/WarmF","prunus","prunus_virginiana",5,392,2.06,1.46068661390983,1.54723410578201,1.7257283168418,0.178494211059786,0.0865474918721836
"384","Prvi_CoolS/WarmF_B1_R3",1,"CoolS/WarmF","prunus","prunus_virginiana",5,393,1.77,2.20675580378461,1.80963551895008,1.95102124137832,0.141385722428238,-0.397120284834535
"385","Prvi_CoolS/WarmF_B1_R4",1,"CoolS/WarmF","prunus","prunus_virginiana",5,394,1.53,1.55493964041303,1.61238827870277,2.01392990389836,0.401541625195593,0.0574486382897406
"386","Prvi_CoolS/WarmF_B1_R5",1,"CoolS/WarmF","prunus","prunus_virginiana",5,395,2.18,2.26518998588694,2.26093339644399,2.61117601680041,0.350242620356417,-0.00425658944294716
"387","Prvi_CoolS/WarmF_B2_R10",2,"CoolS/WarmF","prunus","prunus_virginiana",5,400,2.91,2.22506552505797,2.28352456337636,2.45674800553122,0.173223442154865,0.0584590383183894
"388","Prvi_CoolS/WarmF_B2_R7",2,"CoolS/WarmF","prunus","prunus_virginiana",5,397,1.62,2.02163237242599,2.24280899786992,2.34382074957341,0.101011751703492,0.221176625443931
"389","Prvi_CoolS/WarmF_B2_R8",2,"CoolS/WarmF","prunus","prunus_virginiana",5,398,1.56,NA,1.69478041449705,1.73678770618959,0.0420072916925376,NA
"390","Prvi_CoolS/WarmF_B2_R9",2,"CoolS/WarmF","prunus","prunus_virginiana",5,399,4.33,2.87333987622662,2.96060678655887,3.24986838574178,0.289261599182908,0.0872669103322514
"391","Prvi_CoolS/WarmF_B3_R11",3,"CoolS/WarmF","prunus","prunus_virginiana",5,401,1.58,NA,NA,1.57130689977532,NA,NA
"392","Prvi_CoolS/WarmF_B3_R12",3,"CoolS/WarmF","prunus","prunus_virginiana",5,402,1.52,1.61438813840992,1.87025581437542,1.89042417959459,0.0201683652191731,0.255867675965503
"393","Prvi_CoolS/WarmF_B3_R13",3,"CoolS/WarmF","prunus","prunus_virginiana",5,403,1.66,NA,1.29354213374855,1.96745695325997,0.673914819511426,NA
"394","Prvi_CoolS/WarmF_B3_R14",3,"CoolS/WarmF","prunus","prunus_virginiana",5,404,1.36,1.78563625166706,1.82989221438588,2.11973494390862,0.289842729522734,0.0442559627188182
"395","Prvi_CoolS/WarmF_B3_R15",3,"CoolS/WarmF","prunus","prunus_virginiana",5,405,1.87,1.77505101103543,NA,1.99921566312514,NA,NA
"396","Prvi_WarmS/CoolF_B1_R1",1,"WarmS/CoolF","prunus","prunus_virginiana",5,376,1.65,1.77102510284864,1.68424729312843,1.90262225341635,0.218374960287925,-0.0867778097202152
"397","Prvi_WarmS/CoolF_B1_R2",1,"WarmS/CoolF","prunus","prunus_virginiana",5,377,1.98,1.58860133965726,1.5859389262401,1.99672307454775,0.410784148307652,-0.00266241341715467
"398","Prvi_WarmS/CoolF_B1_R3",1,"WarmS/CoolF","prunus","prunus_virginiana",5,378,2.76,1.8891610576164,1.88671297799206,1.99307260927546,0.106359631283401,-0.00244807962434512
"399","Prvi_WarmS/CoolF_B1_R4",1,"WarmS/CoolF","prunus","prunus_virginiana",5,379,1.59,1.51267805776454,1.4941198630096,2.08830117808195,0.594181315072357,-0.0185581947549485
"400","Prvi_WarmS/CoolF_B1_R5",1,"WarmS/CoolF","prunus","prunus_virginiana",5,380,2.15,1.8997052362066,2.15605135148558,2.4117625200297,0.255711168544123,0.256346115278978
"401","Prvi_WarmS/CoolF_B2_R6",2,"WarmS/CoolF","prunus","prunus_virginiana",5,381,3.78,2.58267358061708,2.65091862843036,3.02208190279149,0.371163274361134,0.0682450478132801
"402","Prvi_WarmS/CoolF_B2_R7",2,"WarmS/CoolF","prunus","prunus_virginiana",5,382,1.82,1.96828866503615,2.01539220262052,2.35201441721409,0.336622214593572,0.0471035375843707
"403","Prvi_WarmS/CoolF_B2_R8",2,"WarmS/CoolF","prunus","prunus_virginiana",5,383,1.77,1.76246459955565,1.83242272239591,2.36310556004511,0.530682837649203,0.0699581228402639
"404","Prvi_WarmS/CoolF_B2_R9",2,"WarmS/CoolF","prunus","prunus_virginiana",5,384,5.15,2.18598503227257,2.17774376824005,3.45634307370132,1.27859930546126,-0.00824126403251224
"405","Prvi_WarmS/CoolF_B3_R12",3,"WarmS/CoolF","prunus","prunus_virginiana",5,387,2.47,1.53199782169906,1.56597243198826,1.61612830087358,0.0501558688853148,0.0339746102892056
"406","Prvi_WarmS/CoolF_B3_R13",3,"WarmS/CoolF","prunus","prunus_virginiana",5,388,2.04,1.54237142213624,1.6881342327897,1.98729759364455,0.299163360854852,0.145762810653452
"407","Prvi_WarmS/CoolF_B3_R14",3,"WarmS/CoolF","prunus","prunus_virginiana",5,389,1.93,1.60678064241042,1.81719953499841,2.31052068557662,0.493321150578213,0.210418892587992
"408","Prvi_WarmS/WarmF_B1_R1",1,"WarmS/WarmF","prunus","prunus_virginiana",5,406,2.53,2.56415942063473,2.60463181004725,2.87351814681165,0.268886336764404,0.040472389412519
"409","Prvi_WarmS/WarmF_B1_R1_nitro",1,"WarmS/WarmF_nitro","prunus","prunus_virginiana",5,436,0.99,1.42374689258537,1.48523773210133,1.84294802376628,0.357710291664949,0.061490839515953
"410","Prvi_WarmS/WarmF_B1_R2_nitro",1,"WarmS/WarmF_nitro","prunus","prunus_virginiana",5,437,1.77,1.584885570867,1.79962574477263,1.82038317501157,0.0207574302389351,0.214740173905635
"411","Prvi_WarmS/WarmF_B1_R3",1,"WarmS/WarmF","prunus","prunus_virginiana",5,408,2.94,1.64783919509083,1.90623851317059,2.55404733209194,0.647808818921356,0.258399318079757
"412","Prvi_WarmS/WarmF_B1_R3_nitro",1,"WarmS/WarmF_nitro","prunus","prunus_virginiana",5,438,1.92,NA,1.22576711144997,1.68772759805164,0.461960486601664,NA
"413","Prvi_WarmS/WarmF_B1_R4",1,"WarmS/WarmF","prunus","prunus_virginiana",5,409,1.51,1.68117776797464,1.86493421816582,1.96015009659908,0.0952158784332549,0.183756450191185
"414","Prvi_WarmS/WarmF_B1_R4_nitro",1,"WarmS/WarmF_nitro","prunus","prunus_virginiana",5,439,3.27,2.50016826454262,2.23971146104275,2.46687159005848,0.227160129015731,-0.260456803499866
"415","Prvi_WarmS/WarmF_B1_R5",1,"WarmS/WarmF","prunus","prunus_virginiana",5,410,2.7,2.60692627110667,2.19471778885394,2.69280217990761,0.498084391053669,-0.412208482252732
"416","Prvi_WarmS/WarmF_B1_R5_nitro",1,"WarmS/WarmF_nitro","prunus","prunus_virginiana",5,440,2.3,1.68066238371179,1.86369693181217,2.25934310486501,0.395646173052844,0.183034548100371
"417","Prvi_WarmS/WarmF_B2_R10_nitro",2,"WarmS/WarmF_nitro","prunus","prunus_virginiana",5,445,2.99,2.18250859199671,2.53970536212986,2.6690513217229,0.129345959593042,0.357196770133153
"418","Prvi_WarmS/WarmF_B2_R6",2,"WarmS/WarmF","prunus","prunus_virginiana",5,411,3.42,2.09290922091148,2.64437200389007,2.77138433303675,0.127012329146684,0.551462782978593
"419","Prvi_WarmS/WarmF_B2_R7",2,"WarmS/WarmF","prunus","prunus_virginiana",5,412,2.17,1.79281315968838,1.88391015508818,2.34744910476196,0.463538949673779,0.0910969953998007
"420","Prvi_WarmS/WarmF_B2_R7_nitro",2,"WarmS/WarmF_nitro","prunus","prunus_virginiana",5,442,2.09,1.38555170242185,1.54963236401861,1.57892118687596,0.0292888228573454,0.164080661596764
"421","Prvi_WarmS/WarmF_B2_R8",2,"WarmS/WarmF","prunus","prunus_virginiana",5,413,3.1,NA,2.13518284744662,2.50014886177902,0.3649660143324,NA
"422","Prvi_WarmS/WarmF_B2_R9",2,"WarmS/WarmF","prunus","prunus_virginiana",5,414,2.23,2.18876640824008,2.41870174141082,2.68336377259955,0.264662031188727,0.229935333170739
"423","Prvi_WarmS/WarmF_B2_R9_nitro",2,"WarmS/WarmF_nitro","prunus","prunus_virginiana",5,444,0.95,1.36346937855375,1.56069967791907,1.66620931021828,0.105509632299208,0.197230299365322
"424","Prvi_WarmS/WarmF_B3_R11",3,"WarmS/WarmF","prunus","prunus_virginiana",5,416,2.14,1.71094266923234,1.98992170403418,2.40740331556022,0.417481611526037,0.278979034801838
"425","Prvi_WarmS/WarmF_B3_R11_nitro",3,"WarmS/WarmF_nitro","prunus","prunus_virginiana",5,446,2.37,2.41485127386057,2.68042736893655,2.77589808404158,0.0954707151050314,0.265576095075981
"426","Prvi_WarmS/WarmF_B3_R12",3,"WarmS/WarmF","prunus","prunus_virginiana",5,417,1.46,1.66787053852322,1.60035992961114,1.7125149168642,0.112154987253054,-0.0675106089120725
"427","Prvi_WarmS/WarmF_B3_R12_nitro",3,"WarmS/WarmF_nitro","prunus","prunus_virginiana",5,447,3.04,1.97510742271147,2.24686604992623,2.55346978058018,0.306603730653951,0.271758627214758
"428","Prvi_WarmS/WarmF_B3_R13",3,"WarmS/WarmF","prunus","prunus_virginiana",5,418,2.03,1.84215024945371,2.02141946671515,2.21639718511293,0.194977718397777,0.179269217261438
"429","Prvi_WarmS/WarmF_B3_R13_nitro",3,"WarmS/WarmF_nitro","prunus","prunus_virginiana",5,448,2.75,2.75399220974232,2.95210414245003,3.39705151304574,0.444947370595716,0.198111932707703
"430","Prvi_WarmS/WarmF_B3_R14",3,"WarmS/WarmF","prunus","prunus_virginiana",5,419,1.25,1.64156337535186,1.75568066759014,2.04563331874722,0.289952651157083,0.114117292238278
"431","Prvi_WarmS/WarmF_B3_R14_nitro",3,"WarmS/WarmF_nitro","prunus","prunus_virginiana",5,449,1.38,1.44840662265682,1.69993678654581,1.84749437263712,0.147557586091312,0.251530163888995
"432","Prvi_WarmS/WarmF_B3_R15",3,"WarmS/WarmF","prunus","prunus_virginiana",5,420,2.33,1.98038484257836,2.25699432663854,2.43278505186511,0.175790725226564,0.276609484060184
"433","Prvi_WarmS/WarmF_B3_R15_nitro",3,"WarmS/WarmF_nitro","prunus","prunus_virginiana",5,450,1.53,1.94181558089322,1.77563600418407,1.92443860722581,0.148802603041736,-0.166179576709152
"434","Quma_CoolS/CoolF_B1_R1",1,"CoolS/CoolF","quercus","quercus_macrocarpa",6,451,11.08,5.45981871349721,8.40297701411197,11.5916713586201,3.18869434450815,2.94315830061476
"435","Quma_CoolS/CoolF_B1_R1_nitro",1,"CoolS/CoolF_nitro","quercus","quercus_macrocarpa",6,511,22.28,7.73977270717076,11.5109183759003,18.8538961290393,7.34297775313898,3.77114566872953
"436","Quma_CoolS/CoolF_B1_R2",1,"CoolS/CoolF","quercus","quercus_macrocarpa",6,452,12.01,9.73504118145479,12.049549564813,13.2030278299084,1.15347826509547,2.31450838335817
"437","Quma_CoolS/CoolF_B1_R2_nitro",1,"CoolS/CoolF_nitro","quercus","quercus_macrocarpa",6,512,14.77,5.15814968301472,8.55104523511229,12.550705627812,3.99966039269975,3.39289555209756
"438","Quma_CoolS/CoolF_B1_R3",1,"CoolS/CoolF","quercus","quercus_macrocarpa",6,453,8.85,5.95219039094482,7.90384589373619,9.9558201124359,2.05197421869972,1.95165550279137
"439","Quma_CoolS/CoolF_B1_R3_nitro",1,"CoolS/CoolF_nitro","quercus","quercus_macrocarpa",6,513,13.31,6.00561405208654,10.5230415283655,12.5757330498119,2.05269152144649,4.51742747627892
"440","Quma_CoolS/CoolF_B1_R4",1,"CoolS/CoolF","quercus","quercus_macrocarpa",6,454,13.94,7.31307817944697,13.2878251379243,16.0431801092631,2.75535497133873,5.97474695847737
"441","Quma_CoolS/CoolF_B1_R4_nitro",1,"CoolS/CoolF_nitro","quercus","quercus_macrocarpa",6,514,11.67,6.12697649993578,10.3050661074389,14.1447906304541,3.8397245230152,4.17808960750308
"442","Quma_CoolS/CoolF_B1_R5",1,"CoolS/CoolF","quercus","quercus_macrocarpa",6,455,6.5,6.17879569517052,8.19890149389206,9.66373687548514,1.46483538159309,2.02010579872154
"443","Quma_CoolS/CoolF_B1_R5_nitro",1,"CoolS/CoolF_nitro","quercus","quercus_macrocarpa",6,515,13.51,8.51071335620229,11.5982627144471,15.8052146419549,4.20695192750775,3.08754935824484
"444","Quma_CoolS/CoolF_B2_R10",2,"CoolS/CoolF","quercus","quercus_macrocarpa",6,460,12.78,7.31973382586808,9.33921778892318,11.6484537414003,2.3092359524771,2.0194839630551
"445","Quma_CoolS/CoolF_B2_R10_nitro",2,"CoolS/CoolF_nitro","quercus","quercus_macrocarpa",6,520,18.37,5.81541790641458,11.6005395873608,14.5968811058268,2.99634151846604,5.78512168094622
"446","Quma_CoolS/CoolF_B2_R6",2,"CoolS/CoolF","quercus","quercus_macrocarpa",6,456,18.67,5.99549202003836,11.7973603434877,15.6769757403823,3.87961539689461,5.80186832344936
"447","Quma_CoolS/CoolF_B2_R6_nitro",2,"CoolS/CoolF_nitro","quercus","quercus_macrocarpa",6,516,7.29,7.78167515516664,9.41359205414279,11.5907266289532,2.17713457481037,1.63191689897616
"448","Quma_CoolS/CoolF_B2_R7",2,"CoolS/CoolF","quercus","quercus_macrocarpa",6,457,15.35,6.31488465875379,13.9438591965128,18.0450116882156,4.10115249170272,7.62897453775906
"449","Quma_CoolS/CoolF_B2_R7_nitro",2,"CoolS/CoolF_nitro","quercus","quercus_macrocarpa",6,517,7.25,8.32515770897464,9.6628512687988,10.6822404380651,1.01938916926628,1.33769355982417
"450","Quma_CoolS/CoolF_B2_R8",2,"CoolS/CoolF","quercus","quercus_macrocarpa",6,458,14.16,6.4869652853901,13.6167734125166,16.2979115458171,2.68113813330042,7.12980812712654
"451","Quma_CoolS/CoolF_B2_R8_nitro",2,"CoolS/CoolF_nitro","quercus","quercus_macrocarpa",6,518,19.29,6.3901296004149,8.62969877204845,9.30685575192844,0.677156979879996,2.23956917163355
"452","Quma_CoolS/CoolF_B2_R9",2,"CoolS/CoolF","quercus","quercus_macrocarpa",6,459,5.65,4.18631059033854,6.35239619818495,7.5066837072469,1.15428750906195,2.16608560784642
"453","Quma_CoolS/CoolF_B2_R9_nitro",2,"CoolS/CoolF_nitro","quercus","quercus_macrocarpa",6,519,6.47,5.00835381487619,7.21694768792782,8.1800249209684,0.963077233040582,2.20859387305164
"454","Quma_CoolS/CoolF_B3_R11",3,"CoolS/CoolF","quercus","quercus_macrocarpa",6,461,9.66,5.63702165512747,8.94952123140722,9.91101111274835,0.96148988134113,3.31249957627975
"455","Quma_CoolS/CoolF_B3_R11_nitro",3,"CoolS/CoolF_nitro","quercus","quercus_macrocarpa",6,521,7.81,5.90382860186175,8.28405597353941,8.70779764541445,0.423741671875035,2.38022737167767
"456","Quma_CoolS/CoolF_B3_R12",3,"CoolS/CoolF","quercus","quercus_macrocarpa",6,462,14.59,5.95209635475763,12.1645190010588,15.5148013131369,3.35028231207811,6.21242264630119
"457","Quma_CoolS/CoolF_B3_R12_nitro",3,"CoolS/CoolF_nitro","quercus","quercus_macrocarpa",6,522,18.79,7.15192246690589,10.5269333413486,13.1627442335908,2.63581089224222,3.37501087444268
"458","Quma_CoolS/CoolF_B3_R13",3,"CoolS/CoolF","quercus","quercus_macrocarpa",6,463,18.36,6.90972532661255,13.24905358197,13.1963082043576,-0.0527453776124549,6.33932825535747
"459","Quma_CoolS/CoolF_B3_R13_nitro",3,"CoolS/CoolF_nitro","quercus","quercus_macrocarpa",6,523,8,6.39297823206564,9.48068251032686,10.5258458653735,1.0451633550466,3.08770427826122
"460","Quma_CoolS/CoolF_B3_R14",3,"CoolS/CoolF","quercus","quercus_macrocarpa",6,464,5.82,5.24167063977819,7.41517310842464,7.75477232148341,0.339599213058772,2.17350246864645
"461","Quma_CoolS/CoolF_B3_R14_nitro",3,"CoolS/CoolF_nitro","quercus","quercus_macrocarpa",6,524,20.19,8.13326458856528,15.3677704482309,18.0370608040298,2.66929035579896,7.23450585966561
"462","Quma_CoolS/CoolF_B3_R15",3,"CoolS/CoolF","quercus","quercus_macrocarpa",6,465,16.52,6.94381447650635,13.3448382226868,16.0788493819787,2.73401115929191,6.40102374618047
"463","Quma_CoolS/CoolF_B3_R15_nitro",3,"CoolS/CoolF_nitro","quercus","quercus_macrocarpa",6,525,22.35,4.7794677125858,12.8907887012638,16.2005069552621,3.30971825399838,8.11132098867795
"464","Quma_CoolS/WarmF_B1_R1",1,"CoolS/WarmF","quercus","quercus_macrocarpa",6,481,20.69,6.54953171921755,11.8800532344881,14.3212469884565,2.4411937539684,5.33052151527058
"465","Quma_CoolS/WarmF_B1_R2",1,"CoolS/WarmF","quercus","quercus_macrocarpa",6,482,8.76,5.16897906641273,10.2811457169578,12.1097269157087,1.82858119875092,5.11216665054508
"466","Quma_CoolS/WarmF_B1_R3",1,"CoolS/WarmF","quercus","quercus_macrocarpa",6,483,12.45,5.09001613992382,8.64856904377321,11.7156228600516,3.06705381627843,3.5585529038494
"467","Quma_CoolS/WarmF_B1_R4",1,"CoolS/WarmF","quercus","quercus_macrocarpa",6,484,14.59,5.41645156038537,10.5998143896036,13.0439045748259,2.44409018522228,5.18336282921824
"468","Quma_CoolS/WarmF_B1_R5",1,"CoolS/WarmF","quercus","quercus_macrocarpa",6,485,7.98,7.05613874345941,7.79816174494976,8.67715330081713,0.878991555867369,0.742023001490357
"469","Quma_CoolS/WarmF_B2_R10",2,"CoolS/WarmF","quercus","quercus_macrocarpa",6,490,11.03,4.91886034666866,8.40512032660425,12.7910973658123,4.38597703920807,3.48625997993559
"470","Quma_CoolS/WarmF_B2_R6",2,"CoolS/WarmF","quercus","quercus_macrocarpa",6,486,10.79,6.52222171437788,8.42245913966554,9.91753962799899,1.49508048833344,1.90023742528766
"471","Quma_CoolS/WarmF_B2_R7",2,"CoolS/WarmF","quercus","quercus_macrocarpa",6,487,6.81,5.69639188462118,9.23253529295953,10.2744149186486,1.04187962568912,3.53614340833835
"472","Quma_CoolS/WarmF_B2_R8",2,"CoolS/WarmF","quercus","quercus_macrocarpa",6,488,11.67,5.60060723044468,9.97706079037178,10.4526372880216,0.47557649764977,4.3764535599271
"473","Quma_CoolS/WarmF_B2_R9",2,"CoolS/WarmF","quercus","quercus_macrocarpa",6,489,17.82,5.62851640306623,14.3892560764949,15.766555585941,1.37729950944602,8.76073967342871
"474","Quma_CoolS/WarmF_B3_R11",3,"CoolS/WarmF","quercus","quercus_macrocarpa",6,491,5.91,4.1403840841376,6.01490487321816,6.88660046608021,0.871695592862056,1.87452078908056
"475","Quma_CoolS/WarmF_B3_R12",3,"CoolS/WarmF","quercus","quercus_macrocarpa",6,492,9.83,5.68118191731534,10.2431214709377,12.1603338536688,1.91721238273112,4.56193955362231
"476","Quma_CoolS/WarmF_B3_R13",3,"CoolS/WarmF","quercus","quercus_macrocarpa",6,493,8.33,4.79785565218583,6.61362626952827,7.44514073941928,0.831514469891015,1.81577061734244
"477","Quma_CoolS/WarmF_B3_R15",3,"CoolS/WarmF","quercus","quercus_macrocarpa",6,495,10.16,8.74332303004064,11.3224106439826,11.9196521285174,0.59724148453479,2.57908761394201
"478","Quma_WarmS/CoolF_B1_R1",1,"WarmS/CoolF","quercus","quercus_macrocarpa",6,466,6.79,5.18581123085097,8.09939616353984,10.4630386302144,2.3636424666746,2.91358493268887
"479","Quma_WarmS/CoolF_B1_R2",1,"WarmS/CoolF","quercus","quercus_macrocarpa",6,467,9.8,5.40178172800171,8.76804938685788,10.7236913443439,1.95564195748601,3.36626765885617
"480","Quma_WarmS/CoolF_B1_R3",1,"WarmS/CoolF","quercus","quercus_macrocarpa",6,468,4.97,4.64683443807642,6.57184225733617,7.68996732952639,1.11812507219022,1.92500781925975
"481","Quma_WarmS/CoolF_B1_R4",1,"WarmS/CoolF","quercus","quercus_macrocarpa",6,469,6.82,4.95439066632542,6.70752340812435,7.33665586258815,0.629132454463807,1.75313274179893
"482","Quma_WarmS/CoolF_B1_R5",1,"WarmS/CoolF","quercus","quercus_macrocarpa",6,470,9.93,6.00987894258875,8.47037795221074,10.336947142236,1.86656919002529,2.46049900962199
"483","Quma_WarmS/CoolF_B2_R10",2,"WarmS/CoolF","quercus","quercus_macrocarpa",6,475,8.47,4.44615000058362,6.43137130909429,7.92471489377929,1.49334358468501,1.98522130851067
"484","Quma_WarmS/CoolF_B2_R6",2,"WarmS/CoolF","quercus","quercus_macrocarpa",6,471,8.06,6.76675687644881,9.49673325482581,10.9641044664346,1.46737121160875,2.729976378377
"485","Quma_WarmS/CoolF_B2_R7",2,"WarmS/CoolF","quercus","quercus_macrocarpa",6,472,9.3,4.87462382815051,8.68011046408852,11.2296189947981,2.54950853070958,3.80548663593801
"486","Quma_WarmS/CoolF_B2_R8",2,"WarmS/CoolF","quercus","quercus_macrocarpa",6,473,9.79,5.37731394310807,8.81055678304512,11.2346184257079,2.4240616426628,3.43324283993705
"487","Quma_WarmS/CoolF_B2_R9",2,"WarmS/CoolF","quercus","quercus_macrocarpa",6,474,12.5,6.36544456645277,9.93105864681156,12.7188455688455,2.7877869220339,3.56561408035879
"488","Quma_WarmS/CoolF_B3_R11",3,"WarmS/CoolF","quercus","quercus_macrocarpa",6,476,12.21,5.95891763210212,10.1791985576104,10.8234601767321,0.644261619121773,4.22028092550824
"489","Quma_WarmS/CoolF_B3_R12",3,"WarmS/CoolF","quercus","quercus_macrocarpa",6,477,5.64,4.49152141137671,6.47976413870356,7.7637892911258,1.28402515242224,1.98824272732686
"490","Quma_WarmS/CoolF_B3_R13",3,"WarmS/CoolF","quercus","quercus_macrocarpa",6,478,6.79,7.2945179590989,8.71872314505882,9.6560979168826,0.93737477182378,1.42420518595993
"491","Quma_WarmS/CoolF_B3_R14",3,"WarmS/CoolF","quercus","quercus_macrocarpa",6,479,16.49,5.11362967125939,10.8078338791872,13.5878152668241,2.77998138763694,5.6942042079278
"492","Quma_WarmS/CoolF_B3_R15",3,"WarmS/CoolF","quercus","quercus_macrocarpa",6,480,10.36,5.5291713302072,7.84845642370192,10.3164221030708,2.4679656793689,2.31928509349472
"493","Quma_WarmS/WarmF_B1_R1",1,"WarmS/WarmF","quercus","quercus_macrocarpa",6,496,11.38,5.60410341377735,8.68174140565138,10.3257949602321,1.6440535545807,3.07763799187404
"494","Quma_WarmS/WarmF_B1_R1_nitro",1,"WarmS/WarmF_nitro","quercus","quercus_macrocarpa",6,526,10.77,4.87863213758304,9.27677135157096,12.2728305272809,2.99605917570994,4.39813921398791
"495","Quma_WarmS/WarmF_B1_R2",1,"WarmS/WarmF","quercus","quercus_macrocarpa",6,497,12.19,4.92482964087267,9.03671046913455,11.326379642142,2.28966917300746,4.11188082826189
"496","Quma_WarmS/WarmF_B1_R2_nitro",1,"WarmS/WarmF_nitro","quercus","quercus_macrocarpa",6,527,6.13,4.27208913280614,6.86145107027718,8.77394980949096,1.91249873921378,2.58936193747104
"497","Quma_WarmS/WarmF_B1_R3",1,"WarmS/WarmF","quercus","quercus_macrocarpa",6,498,7.53,5.28651510095796,7.80434171150258,10.0191446120129,2.21480290051034,2.51782661054463
"498","Quma_WarmS/WarmF_B1_R3_nitro",1,"WarmS/WarmF_nitro","quercus","quercus_macrocarpa",6,528,4.49,6.28909689446608,7.6497823098305,8.84008154604019,1.19029923620969,1.36068541536442
"499","Quma_WarmS/WarmF_B1_R4",1,"WarmS/WarmF","quercus","quercus_macrocarpa",6,499,12.29,5.29006675133894,10.4930580746719,12.4898512026348,1.99679312796294,5.20299132333292
"500","Quma_WarmS/WarmF_B1_R4_nitro",1,"WarmS/WarmF_nitro","quercus","quercus_macrocarpa",6,529,6.15,5.2638255891444,7.82535152366773,9.98191916480147,2.15656764113373,2.56152593452334
"501","Quma_WarmS/WarmF_B1_R5",1,"WarmS/WarmF","quercus","quercus_macrocarpa",6,500,17.41,6.3142838856062,12.2929011032307,16.9067424273611,4.61384132413035,5.97861721762451
"502","Quma_WarmS/WarmF_B1_R5_nitro",1,"WarmS/WarmF_nitro","quercus","quercus_macrocarpa",6,530,11.15,5.45015637220172,9.38459494431702,12.2010819959481,2.8164870516311,3.9344385721153
"503","Quma_WarmS/WarmF_B2_R10",2,"WarmS/WarmF","quercus","quercus_macrocarpa",6,505,6.14,6.34664554317381,7.77797802892697,9.40500886237346,1.62703083344649,1.43133248575316
"504","Quma_WarmS/WarmF_B2_R10_nitro",2,"WarmS/WarmF_nitro","quercus","quercus_macrocarpa",6,535,5.4,5.44586403451762,6.53144721151504,7.16823358466501,0.63678637314997,1.08558317699741
"505","Quma_WarmS/WarmF_B2_R6_nitro",2,"WarmS/WarmF_nitro","quercus","quercus_macrocarpa",6,531,6.94,6.71202947995099,8.19164446046228,10.2873474624816,2.09570300201933,1.47961498051129
"506","Quma_WarmS/WarmF_B2_R7",2,"WarmS/WarmF","quercus","quercus_macrocarpa",6,502,4.2,NA,7.03691029409321,4.07712256715831,-2.9597877269349,NA
"507","Quma_WarmS/WarmF_B2_R7_nitro",2,"WarmS/WarmF_nitro","quercus","quercus_macrocarpa",6,532,9.46,5.57347518836865,9.18642488233125,12.2178802963757,3.03145541404442,3.6129496939626
"508","Quma_WarmS/WarmF_B2_R8",2,"WarmS/WarmF","quercus","quercus_macrocarpa",6,503,7.83,5.5272334789426,8.43477608838305,9.61216533401471,1.17738924563166,2.90754260944045
"509","Quma_WarmS/WarmF_B2_R8_nitro",2,"WarmS/WarmF_nitro","quercus","quercus_macrocarpa",6,533,13.49,6.44110753249367,11.2269498374362,13.8850072544969,2.65805741706066,4.78584230494254
"510","Quma_WarmS/WarmF_B2_R9",2,"WarmS/WarmF","quercus","quercus_macrocarpa",6,504,10.04,6.28493018819371,7.55392780168638,9.56611047509722,2.01218267341084,1.26899761349267
"511","Quma_WarmS/WarmF_B2_R9_nitro",2,"WarmS/WarmF_nitro","quercus","quercus_macrocarpa",6,534,15.93,5.99398194014323,10.4308136071676,13.0109133007597,2.58009969359218,4.43683166702434
"512","Quma_WarmS/WarmF_B3_R11",3,"WarmS/WarmF","quercus","quercus_macrocarpa",6,506,9.35,6.322507049435,8.51989484790198,9.57062557331235,1.05073072541037,2.19738779846698
"513","Quma_WarmS/WarmF_B3_R11_nitro",3,"WarmS/WarmF_nitro","quercus","quercus_macrocarpa",6,536,5.8,5.73118675631225,7.74947532901186,7.92010517751678,0.17062984850492,2.01828857269961
"514","Quma_WarmS/WarmF_B3_R12",3,"WarmS/WarmF","quercus","quercus_macrocarpa",6,507,10.41,5.11531767700565,7.67173483648712,9.71280282122961,2.04106798474248,2.55641715948147
"515","Quma_WarmS/WarmF_B3_R12_nitro",3,"WarmS/WarmF_nitro","quercus","quercus_macrocarpa",6,537,12.1,6.30876638469837,9.67099004764577,10.7137569340674,1.04276688642165,3.3622236629474
"516","Quma_WarmS/WarmF_B3_R13",3,"WarmS/WarmF","quercus","quercus_macrocarpa",6,508,20.34,6.17316330551434,11.552285662735,14.4511018412763,2.89881617854136,5.37912235722062
"517","Quma_WarmS/WarmF_B3_R13_nitro",3,"WarmS/WarmF_nitro","quercus","quercus_macrocarpa",6,538,10.12,5.90513241862745,9.15474120688612,10.7381044615249,1.58336325463873,3.24960878825867
"518","Quma_WarmS/WarmF_B3_R14",3,"WarmS/WarmF","quercus","quercus_macrocarpa",6,509,12.08,4.6637277208717,5.32995043261766,5.75339193300249,0.423441500384834,0.66622271174596
"519","Quma_WarmS/WarmF_B3_R14_nitro",3,"WarmS/WarmF_nitro","quercus","quercus_macrocarpa",6,539,11.7,4.7782805782909,8.43626086991627,9.09732222170963,0.661061351793357,3.65798029162537
"520","Quma_WarmS/WarmF_B3_R15",3,"WarmS/WarmF","quercus","quercus_macrocarpa",6,510,5.92,4.33640387802606,6.32178661278238,7.32189156108278,1.00010494830041,1.98538273475632
"521","Quma_WarmS/WarmF_B3_R15_nitro",3,"WarmS/WarmF_nitro","quercus","quercus_macrocarpa",6,540,7.48,5.33503711336246,7.3185991381456,8.47445244513901,1.15585330699342,1.98356202478314
"522","Segi_CoolS/CoolF_B1_R2",1,"CoolS/CoolF","sequoiadendron","sequoiadendron_giganteum",7,542,35.38,13.3225835832754,NA,30.1545037203072,NA,NA
"523","Segi_CoolS/CoolF_B1_R2_nitro",1,"CoolS/CoolF_nitro","sequoiadendron","sequoiadendron_giganteum",7,602,19.54,9.81395116883401,11.9691414670851,20.7434982544264,8.77435678734128,2.15519029825108
"524","Segi_CoolS/CoolF_B1_R3_nitro",1,"CoolS/CoolF_nitro","sequoiadendron","sequoiadendron_giganteum",7,603,35.56,19.6161030029144,29.0619364817802,36.821762295668,7.75982581388786,9.44583347886577
"525","Segi_CoolS/CoolF_B1_R4",1,"CoolS/CoolF","sequoiadendron","sequoiadendron_giganteum",7,544,15.5,10.6755008888613,11.7944566250872,21.7678375508617,9.97338092577447,1.11895573622596
"526","Segi_CoolS/CoolF_B1_R4_nitro",1,"CoolS/CoolF_nitro","sequoiadendron","sequoiadendron_giganteum",7,604,16.82,11.1616702771411,14.2206062521716,22.7898178906693,8.56921163849765,3.05893597503055
"527","Segi_CoolS/CoolF_B1_R5",1,"CoolS/CoolF","sequoiadendron","sequoiadendron_giganteum",7,545,15.29,12.7517888840101,14.0686305605228,19.7813014280382,5.71267086751534,1.3168416765127
"528","Segi_CoolS/CoolF_B1_R5_nitro",1,"CoolS/CoolF_nitro","sequoiadendron","sequoiadendron_giganteum",7,605,29.01,11.6831682512637,12.8306164055403,29.9119165920183,17.081300186478,1.14744815427653
"529","Segi_CoolS/CoolF_B2_R10",2,"CoolS/CoolF","sequoiadendron","sequoiadendron_giganteum",7,550,26.22,11.912220622111,16.4797746499872,25.5067909906032,9.02701634061599,4.56755402787627
"530","Segi_CoolS/CoolF_B2_R6",2,"CoolS/CoolF","sequoiadendron","sequoiadendron_giganteum",7,546,30.8,16.606054980801,22.0087209557678,29.4485742276845,7.43985327191671,5.40266597496686
"531","Segi_CoolS/CoolF_B2_R6_nitro",2,"CoolS/CoolF_nitro","sequoiadendron","sequoiadendron_giganteum",7,606,17.25,11.1259841711488,15.0087941282424,18.9478134486236,3.93901932038125,3.88280995709355
"532","Segi_CoolS/CoolF_B2_R7",2,"CoolS/CoolF","sequoiadendron","sequoiadendron_giganteum",7,547,33.66,12.8006339745601,17.8372262019888,30.1859734671625,12.3487472651737,5.03659222742873
"533","Segi_CoolS/CoolF_B2_R7_nitro",2,"CoolS/CoolF_nitro","sequoiadendron","sequoiadendron_giganteum",7,607,29.06,14.525819766016,21.8101508343517,26.5216584245195,4.71150759016778,7.28433106833575
"534","Segi_CoolS/CoolF_B2_R8",2,"CoolS/CoolF","sequoiadendron","sequoiadendron_giganteum",7,548,22.08,12.1087138709373,16.6064099625354,23.2259404717254,6.61953050919002,4.4976960915981
"535","Segi_CoolS/CoolF_B2_R8_nitro",2,"CoolS/CoolF_nitro","sequoiadendron","sequoiadendron_giganteum",7,608,33.78,17.4746959535504,23.9170532099775,35.9559032295985,12.0388500196211,6.44235725642701
"536","Segi_CoolS/CoolF_B2_R9",2,"CoolS/CoolF","sequoiadendron","sequoiadendron_giganteum",7,549,19.74,12.6184827555655,13.5420520605632,22.6205148776338,9.07846281707059,0.923569304997736
"537","Segi_CoolS/CoolF_B2_R9_nitro",2,"CoolS/CoolF_nitro","sequoiadendron","sequoiadendron_giganteum",7,609,15.37,11.5084117132165,11.9800534525351,18.1251496542913,6.14509620175625,0.471641739318587
"538","Segi_CoolS/CoolF_B3_R11_nitro",3,"CoolS/CoolF_nitro","sequoiadendron","sequoiadendron_giganteum",7,611,25.2,12.894344510761,21.6334822233773,26.6462820228897,5.01279979951236,8.73913771261633
"539","Segi_CoolS/CoolF_B3_R12",3,"CoolS/CoolF","sequoiadendron","sequoiadendron_giganteum",7,552,14.05,11.0943877746902,15.2107157465704,21.048799767833,5.83808402126255,4.1163279718802
"540","Segi_CoolS/CoolF_B3_R12_nitro",3,"CoolS/CoolF_nitro","sequoiadendron","sequoiadendron_giganteum",7,612,30.79,12.6374338655188,21.6856720399424,26.0585325434015,4.37286050345912,9.04823817442359
"541","Segi_CoolS/CoolF_B3_R13_nitro",3,"CoolS/CoolF_nitro","sequoiadendron","sequoiadendron_giganteum",7,613,30.6,13.9828417930335,26.1283088587514,29.6537873399102,3.52547848115884,12.1454670657179
"542","Segi_CoolS/CoolF_B3_R14",3,"CoolS/CoolF","sequoiadendron","sequoiadendron_giganteum",7,554,11.88,7.95477946274699,9.03740424945442,17.4388060083975,8.4014017589431,1.08262478670743
"543","Segi_CoolS/CoolF_B3_R14_nitro",3,"CoolS/CoolF_nitro","sequoiadendron","sequoiadendron_giganteum",7,614,30.11,11.6291599493312,21.2620627476474,28.0616025947626,6.79953984711518,9.6329027983162
"544","Segi_CoolS/CoolF_B3_R15",3,"CoolS/CoolF","sequoiadendron","sequoiadendron_giganteum",7,555,24.99,10.8613753419225,15.2892987322038,23.5830584037601,8.29375967155623,4.42792339028134
"545","Segi_CoolS/WarmF_B1_R1",1,"CoolS/WarmF","sequoiadendron","sequoiadendron_giganteum",7,571,26.79,12.3775175654105,21.4254599690169,25.1585881454937,3.73312817647685,9.04794240360639
"546","Segi_CoolS/WarmF_B1_R2",1,"CoolS/WarmF","sequoiadendron","sequoiadendron_giganteum",7,572,35.15,13.2182510940688,NA,31.2919802698324,NA,NA
"547","Segi_CoolS/WarmF_B2_R10",2,"CoolS/WarmF","sequoiadendron","sequoiadendron_giganteum",7,580,25.92,12.6537825289818,17.4630629927877,24.9626146633997,7.499551670612,4.80928046380589
"548","Segi_CoolS/WarmF_B2_R6",2,"CoolS/WarmF","sequoiadendron","sequoiadendron_giganteum",7,576,27.72,14.748814549823,22.8517050243916,28.2881316554173,5.4364266310257,8.10289047456866
"549","Segi_CoolS/WarmF_B2_R8",2,"CoolS/WarmF","sequoiadendron","sequoiadendron_giganteum",7,578,36.2,13.1702363213695,21.6928482406498,31.0904688930612,9.39762065241144,8.52261191928025
"550","Segi_CoolS/WarmF_B2_R9",2,"CoolS/WarmF","sequoiadendron","sequoiadendron_giganteum",7,579,24.25,12.2128110667025,16.6205870335748,24.3182805538415,7.69769352026666,4.40777596687236
"551","Segi_CoolS/WarmF_B3_R11",3,"CoolS/WarmF","sequoiadendron","sequoiadendron_giganteum",7,581,33.62,13.8420024537817,23.3108005775324,31.7327777868312,8.42197720929888,9.46879812375067
"552","Segi_CoolS/WarmF_B3_R13",3,"CoolS/WarmF","sequoiadendron","sequoiadendron_giganteum",7,583,23.24,11.1728882902826,18.6177557155545,22.5941033205789,3.97634760502433,7.44486742527187
"553","Segi_CoolS/WarmF_B3_R14",3,"CoolS/WarmF","sequoiadendron","sequoiadendron_giganteum",7,584,41.91,14.4560255841061,33.2895895784854,41.6331384341712,8.34354885568579,18.8335639943794
"554","Segi_CoolS/WarmF_B3_R15",3,"CoolS/WarmF","sequoiadendron","sequoiadendron_giganteum",7,585,41.19,17.3426402507793,29.457713544687,38.9153058916244,9.45759234693748,12.1150732939076
"555","Segi_WarmS/CoolF_B1_R1",1,"WarmS/CoolF","sequoiadendron","sequoiadendron_giganteum",7,556,21.14,10.1635900558531,12.7605011906098,20.2674673941301,7.50696620352032,2.59691113475668
"556","Segi_WarmS/CoolF_B1_R5",1,"WarmS/CoolF","sequoiadendron","sequoiadendron_giganteum",7,560,4.74,12.0884802626565,11.6229056487772,12.4546615520311,0.831755903253935,-0.465574613879312
"557","Segi_WarmS/CoolF_B2_R10",2,"WarmS/CoolF","sequoiadendron","sequoiadendron_giganteum",7,565,5.77,9.74667427621323,9.65607221799176,12.7733831729495,3.11731095495777,-0.0906020582214708
"558","Segi_WarmS/CoolF_B2_R6",2,"WarmS/CoolF","sequoiadendron","sequoiadendron_giganteum",7,561,52,19.8654016675142,34.7911489606773,44.3604975278638,9.5693485671865,14.9257472931631
"559","Segi_WarmS/CoolF_B2_R7",2,"WarmS/CoolF","sequoiadendron","sequoiadendron_giganteum",7,562,35.19,14.6275944128004,21.7584408733429,28.543822252126,6.78538137878309,7.13084646054253
"560","Segi_WarmS/CoolF_B2_R8",2,"WarmS/CoolF","sequoiadendron","sequoiadendron_giganteum",7,563,35.83,14.622714207062,25.3420808470121,37.2999155681654,11.9578347211533,10.71936663995
"561","Segi_WarmS/CoolF_B2_R9",2,"WarmS/CoolF","sequoiadendron","sequoiadendron_giganteum",7,564,28.44,12.931077485379,23.2895363537684,29.2036578409329,5.91412148716452,10.3584588683894
"562","Segi_WarmS/CoolF_B3_R11",3,"WarmS/CoolF","sequoiadendron","sequoiadendron_giganteum",7,566,15.73,10.0015356079455,15.9626934359634,23.8130390307368,7.85034559477343,5.96115782801792
"563","Segi_WarmS/CoolF_B3_R12",3,"WarmS/CoolF","sequoiadendron","sequoiadendron_giganteum",7,567,28.36,13.4532501463742,20.4474246986594,25.5731431408146,5.12571844215519,6.99417455228517
"564","Segi_WarmS/CoolF_B3_R13",3,"WarmS/CoolF","sequoiadendron","sequoiadendron_giganteum",7,568,38,14.3505383777803,28.1287373783124,34.9342293606261,6.80549198231368,13.7781990005321
"565","Segi_WarmS/CoolF_B3_R14",3,"WarmS/CoolF","sequoiadendron","sequoiadendron_giganteum",7,569,27.58,14.9517538617375,23.423771750936,30.0864095655299,6.66263781459381,8.47201788919853
"566","Segi_WarmS/WarmF_B1_R1",1,"WarmS/WarmF","sequoiadendron","sequoiadendron_giganteum",7,586,32.95,12.7683259341661,21.0414552904657,27.0456678342433,6.00421254377754,8.27312935629963
"567","Segi_WarmS/WarmF_B1_R1_nitro",1,"WarmS/WarmF_nitro","sequoiadendron","sequoiadendron_giganteum",7,616,24.38,13.2100283114325,19.7986208840948,23.2806839160377,3.4820630319429,6.58859257266226
"568","Segi_WarmS/WarmF_B1_R2_nitro",1,"WarmS/WarmF_nitro","sequoiadendron","sequoiadendron_giganteum",7,617,7.74,8.13274622415807,8.9271002479728,12.4081298850956,3.48102963712284,0.794354023814723
"569","Segi_WarmS/WarmF_B1_R3_nitro",1,"WarmS/WarmF_nitro","sequoiadendron","sequoiadendron_giganteum",7,618,27.09,11.1465904344334,17.7344959232539,23.6725666396391,5.93807071638519,6.58790548882055
"570","Segi_WarmS/WarmF_B1_R5",1,"WarmS/WarmF","sequoiadendron","sequoiadendron_giganteum",7,590,14.27,8.11656022080012,10.0765669556287,15.9903435932129,5.91377663758416,1.96000673482857
"571","Segi_WarmS/WarmF_B1_R5_nitro",1,"WarmS/WarmF_nitro","sequoiadendron","sequoiadendron_giganteum",7,620,18.71,10.4360628685422,11.8303000808169,19.2606203494933,7.43032026867634,1.39423721227474
"572","Segi_WarmS/WarmF_B2_R10_nitro",2,"WarmS/WarmF_nitro","sequoiadendron","sequoiadendron_giganteum",7,625,25.97,12.3409820774763,17.7313697987947,25.3611273668766,7.62975756808197,5.39038772131842
"573","Segi_WarmS/WarmF_B2_R6",2,"WarmS/WarmF","sequoiadendron","sequoiadendron_giganteum",7,591,24.84,12.9158306131545,20.294747766125,30.2151865209099,9.92043875478493,7.37891715297045
"574","Segi_WarmS/WarmF_B2_R6_nitro",2,"WarmS/WarmF_nitro","sequoiadendron","sequoiadendron_giganteum",7,621,31.13,14.2147264385125,23.023852837518,31.3054284251476,8.28157558762957,8.80912639900558
"575","Segi_WarmS/WarmF_B2_R7",2,"WarmS/WarmF","sequoiadendron","sequoiadendron_giganteum",7,592,36.05,18.8694325979724,27.3321737882891,32.6016854013988,5.26951161310974,8.46274119031665
"576","Segi_WarmS/WarmF_B2_R7_nitro",2,"WarmS/WarmF_nitro","sequoiadendron","sequoiadendron_giganteum",7,622,17.68,9.41414796898275,12.4206859857225,22.7966790384842,10.3759930527617,3.00653801673978
"577","Segi_WarmS/WarmF_B2_R8_nitro",2,"WarmS/WarmF_nitro","sequoiadendron","sequoiadendron_giganteum",7,623,32.22,11.6648486719926,17.7295139520781,22.5342329134838,4.80471896140569,6.06466528008552
"578","Segi_WarmS/WarmF_B2_R9",2,"WarmS/WarmF","sequoiadendron","sequoiadendron_giganteum",7,594,18,15.1567216390035,14.9822016321332,30.3605767419676,15.3783751098345,-0.174520006870381
"579","Segi_WarmS/WarmF_B2_R9_nitro",2,"WarmS/WarmF_nitro","sequoiadendron","sequoiadendron_giganteum",7,624,33.02,13.5417997708035,21.6772707646696,30.5749955296051,8.89772476493555,8.13547099386603
"580","Segi_WarmS/WarmF_B3_R11_nitro",3,"WarmS/WarmF_nitro","sequoiadendron","sequoiadendron_giganteum",7,626,26.24,12.0267280395189,17.4775545196925,23.7856053216112,6.30805080191874,5.45082648017357
"581","Segi_WarmS/WarmF_B3_R12",3,"WarmS/WarmF","sequoiadendron","sequoiadendron_giganteum",7,597,23.6,13.405157899536,18.5034680995947,26.7345771690206,8.23110906942581,5.09831020005878
"582","Segi_WarmS/WarmF_B3_R12_nitro",3,"WarmS/WarmF_nitro","sequoiadendron","sequoiadendron_giganteum",7,627,25.97,13.5520927885047,18.3122918943436,30.8672805176247,12.554988623281,4.76019910583895
"583","Segi_WarmS/WarmF_B3_R13",3,"WarmS/WarmF","sequoiadendron","sequoiadendron_giganteum",7,598,31.43,15.4113990319239,24.4492967220842,33.332514901031,8.88321817894671,9.03789769016034
"584","Segi_WarmS/WarmF_B3_R13_nitro",3,"WarmS/WarmF_nitro","sequoiadendron","sequoiadendron_giganteum",7,628,37.27,18.4862801566687,27.0554006776458,33.3464170936134,6.29101641596763,8.5691205209771
"585","Segi_WarmS/WarmF_B3_R14",3,"WarmS/WarmF","sequoiadendron","sequoiadendron_giganteum",7,599,14.47,8.10264069959166,6.28075672920238,17.9517239674377,11.6709672382353,-1.82188397038927
"586","Segi_WarmS/WarmF_B3_R14_nitro",3,"WarmS/WarmF_nitro","sequoiadendron","sequoiadendron_giganteum",7,629,27.48,13.1687584743605,20.958297676653,37.2038309233802,16.2455332467272,7.78953920229257
"587","Segi_WarmS/WarmF_B3_R15",3,"WarmS/WarmF","sequoiadendron","sequoiadendron_giganteum",7,600,39.03,14.9464481940148,25.4078223196165,30.8448220230998,5.43699970348332,10.4613741256017
"588","Segi_WarmS/WarmF_B3_R15_nitro",3,"WarmS/WarmF_nitro","sequoiadendron","sequoiadendron_giganteum",7,630,23.3,13.5181015079996,21.0394661398755,26.6720385881388,5.63257244826325,7.52136463187592
