#,Date-Time (PDT),Light   (lux),Host Connected,End of File
1,06-09-2024 16:17:15,9515.52,,
2,06-09-2024 16:22:15,3256.32,,
3,06-09-2024 16:27:15,22241.28,,
4,06-09-2024 16:32:15,21872.64,,
5,06-09-2024 16:37:15,20879.36,,
6,06-09-2024 16:42:15,14013.44,,
7,06-09-2024 16:47:15,2039.68,,
8,06-09-2024 16:52:15,1972.48,,
9,06-09-2024 16:57:15,2008.32,,
10,06-09-2024 17:02:15,1937.92,,
11,06-09-2024 17:07:15,2778.88,,
12,06-09-2024 17:12:15,1664.00,,
13,06-09-2024 17:17:15,1591.68,,
14,06-09-2024 17:22:15,1580.80,,
15,06-09-2024 17:27:15,1527.68,,
16,06-09-2024 17:32:15,2160.00,,
17,06-09-2024 17:37:15,2467.20,,
18,06-09-2024 17:42:15,1450.24,,
19,06-09-2024 17:47:15,1385.60,,
20,06-09-2024 17:52:15,1355.52,,
21,06-09-2024 17:57:15,1319.04,,
22,06-09-2024 18:02:15,1308.48,,
23,06-09-2024 18:07:15,1257.60,,
24,06-09-2024 18:12:15,1241.60,,
25,06-09-2024 18:17:15,1201.28,,
26,06-09-2024 18:22:15,1171.20,,
27,06-09-2024 18:27:15,1146.88,,
28,06-09-2024 18:32:15,1138.88,,
29,06-09-2024 18:37:15,1111.68,,
30,06-09-2024 18:42:15,1222.08,,
31,06-09-2024 18:47:15,1138.88,,
32,06-09-2024 18:52:15,1082.24,,
33,06-09-2024 18:57:15,992.64,,
34,06-09-2024 19:02:15,968.96,,
35,06-09-2024 19:07:15,953.92,,
36,06-09-2024 19:12:15,928.00,,
37,06-09-2024 19:17:15,903.04,,
38,06-09-2024 19:22:15,888.64,,
39,06-09-2024 19:27:15,864.32,,
40,06-09-2024 19:32:15,843.20,,
41,06-09-2024 19:37:15,810.56,,
42,06-09-2024 19:42:15,785.28,,
43,06-09-2024 19:47:15,753.60,,
44,06-09-2024 19:52:15,722.24,,
45,06-09-2024 19:57:15,706.24,,
46,06-09-2024 20:02:15,672.64,,
47,06-09-2024 20:07:15,638.08,,
48,06-09-2024 20:12:15,597.76,,
49,06-09-2024 20:17:15,564.80,,
50,06-09-2024 20:22:15,520.00,,
51,06-09-2024 20:27:15,476.16,,
52,06-09-2024 20:32:15,435.04,,
53,06-09-2024 20:37:15,393.28,,
54,06-09-2024 20:42:15,342.72,,
55,06-09-2024 20:47:15,297.12,,
56,06-09-2024 20:52:15,249.76,,
57,06-09-2024 20:57:15,207.84,,
58,06-09-2024 21:02:15,165.60,,
59,06-09-2024 21:07:15,125.44,,
60,06-09-2024 21:12:15,91.16,,
61,06-09-2024 21:17:15,63.60,,
62,06-09-2024 21:22:15,42.36,,
63,06-09-2024 21:27:15,25.41,,
64,06-09-2024 21:32:15,14.65,,
65,06-09-2024 21:37:15,8.25,,
66,06-09-2024 21:42:15,4.34,,
67,06-09-2024 21:47:15,2.31,,
68,06-09-2024 21:52:15,1.15,,
69,06-09-2024 21:57:15,0.57,,
70,06-09-2024 22:02:15,0.28,,
71,06-09-2024 22:07:15,0.14,,
72,06-09-2024 22:12:15,0.14,,
73,06-09-2024 22:17:15,0.00,,
74,06-09-2024 22:22:15,0.00,,
75,06-09-2024 22:27:15,0.00,,
76,06-09-2024 22:32:15,0.00,,
77,06-09-2024 22:37:15,0.00,,
78,06-09-2024 22:42:15,0.00,,
79,06-09-2024 22:47:15,0.00,,
80,06-09-2024 22:52:15,0.00,,
81,06-09-2024 22:57:15,0.00,,
82,06-09-2024 23:02:15,0.00,,
83,06-09-2024 23:07:15,0.00,,
84,06-09-2024 23:12:15,0.00,,
85,06-09-2024 23:17:15,0.00,,
86,06-09-2024 23:22:15,0.00,,
87,06-09-2024 23:27:15,0.00,,
88,06-09-2024 23:32:15,0.00,,
89,06-09-2024 23:37:15,0.00,,
90,06-09-2024 23:42:15,0.00,,
91,06-09-2024 23:47:15,0.00,,
92,06-09-2024 23:52:15,0.00,,
93,06-09-2024 23:57:15,0.00,,
94,06-10-2024 00:02:15,0.00,,
95,06-10-2024 00:07:15,0.00,,
96,06-10-2024 00:12:15,0.00,,
97,06-10-2024 00:17:15,0.00,,
98,06-10-2024 00:22:15,0.00,,
99,06-10-2024 00:27:15,0.00,,
100,06-10-2024 00:32:15,0.00,,
101,06-10-2024 00:37:15,0.00,,
102,06-10-2024 00:42:15,0.00,,
103,06-10-2024 00:47:15,0.00,,
104,06-10-2024 00:52:15,0.00,,
105,06-10-2024 00:57:15,0.00,,
106,06-10-2024 01:02:15,0.00,,
107,06-10-2024 01:07:15,0.00,,
108,06-10-2024 01:12:15,0.00,,
109,06-10-2024 01:17:15,0.00,,
110,06-10-2024 01:22:15,0.00,,
111,06-10-2024 01:27:15,0.00,,
112,06-10-2024 01:32:15,0.00,,
113,06-10-2024 01:37:15,0.00,,
114,06-10-2024 01:42:15,0.00,,
115,06-10-2024 01:47:15,0.00,,
116,06-10-2024 01:52:15,0.00,,
117,06-10-2024 01:57:15,0.00,,
118,06-10-2024 02:02:15,0.00,,
119,06-10-2024 02:07:15,0.07,,
120,06-10-2024 02:12:15,0.00,,
121,06-10-2024 02:17:15,0.00,,
122,06-10-2024 02:22:15,0.07,,
123,06-10-2024 02:27:15,0.00,,
124,06-10-2024 02:32:15,0.00,,
125,06-10-2024 02:37:15,0.00,,
126,06-10-2024 02:42:15,0.00,,
127,06-10-2024 02:47:15,0.00,,
128,06-10-2024 02:52:15,0.00,,
129,06-10-2024 02:57:15,0.00,,
130,06-10-2024 03:02:15,0.00,,
131,06-10-2024 03:07:15,0.00,,
132,06-10-2024 03:12:15,0.00,,
133,06-10-2024 03:17:15,0.00,,
134,06-10-2024 03:22:15,0.00,,
135,06-10-2024 03:27:15,0.00,,
136,06-10-2024 03:32:15,0.00,,
137,06-10-2024 03:37:15,0.00,,
138,06-10-2024 03:42:15,0.00,,
139,06-10-2024 03:47:15,0.00,,
140,06-10-2024 03:52:15,0.00,,
141,06-10-2024 03:57:15,0.00,,
142,06-10-2024 04:02:15,0.00,,
143,06-10-2024 04:07:15,0.00,,
144,06-10-2024 04:12:15,0.00,,
145,06-10-2024 04:17:15,0.07,,
146,06-10-2024 04:22:15,0.28,,
147,06-10-2024 04:27:15,0.64,,
148,06-10-2024 04:32:15,1.37,,
149,06-10-2024 04:37:15,2.74,,
150,06-10-2024 04:42:15,5.07,,
151,06-10-2024 04:47:15,9.35,,
152,06-10-2024 04:52:15,16.83,,
153,06-10-2024 04:57:15,29.02,,
154,06-10-2024 05:02:15,48.76,,
155,06-10-2024 05:07:15,69.16,,
156,06-10-2024 05:12:15,76.66,,
157,06-10-2024 05:17:15,77.52,,
158,06-10-2024 05:22:15,106.84,,
159,06-10-2024 05:27:15,143.72,,
160,06-10-2024 05:32:15,206.72,,
161,06-10-2024 05:37:15,304.00,,
162,06-10-2024 05:42:15,360.32,,
163,06-10-2024 05:47:15,413.44,,
164,06-10-2024 05:52:15,520.80,,
165,06-10-2024 05:57:15,681.28,,
166,06-10-2024 06:02:15,973.12,,
167,06-10-2024 06:07:15,1005.44,,
168,06-10-2024 06:12:15,620.80,,
169,06-10-2024 06:17:15,893.44,,
170,06-10-2024 06:22:15,1169.92,,
171,06-10-2024 06:27:15,1365.12,,
172,06-10-2024 06:32:15,1272.64,,
173,06-10-2024 06:37:15,1253.12,,
174,06-10-2024 06:42:15,1187.20,,
175,06-10-2024 06:47:15,1278.40,,
176,06-10-2024 06:52:15,1596.16,,
177,06-10-2024 06:57:15,1630.72,,
178,06-10-2024 07:02:15,1686.40,,
179,06-10-2024 07:07:15,1645.44,,
180,06-10-2024 07:12:15,1745.28,,
181,06-10-2024 07:17:15,1785.60,,
182,06-10-2024 07:22:15,2100.48,,
183,06-10-2024 07:27:15,2441.60,,
184,06-10-2024 07:32:15,2946.56,,
185,06-10-2024 07:37:15,2203.52,,
186,06-10-2024 07:42:15,1942.40,,
187,06-10-2024 07:47:15,1550.72,,
188,06-10-2024 07:52:15,1557.76,,
189,06-10-2024 07:57:15,2045.44,,
190,06-10-2024 08:02:15,1948.16,,
191,06-10-2024 08:07:15,2757.12,,
192,06-10-2024 08:12:15,2430.08,,
193,06-10-2024 08:17:15,3104.00,,
194,06-10-2024 08:22:15,3321.60,,
195,06-10-2024 08:27:15,4619.52,,
196,06-10-2024 08:32:15,4793.60,,
197,06-10-2024 08:37:15,5158.40,,
198,06-10-2024 08:42:15,5603.84,,
199,06-10-2024 08:47:15,6297.60,,
200,06-10-2024 08:52:15,5806.08,,
201,06-10-2024 08:57:15,6855.68,,
202,06-10-2024 09:02:15,7377.92,,
203,06-10-2024 09:07:15,6988.80,,
204,06-10-2024 09:12:15,7703.04,,
205,06-10-2024 09:17:15,7539.20,,
206,06-10-2024 09:22:15,13460.48,,
207,06-10-2024 09:27:15,8401.92,,
208,06-10-2024 09:32:15,15559.68,,
209,06-10-2024 09:37:15,18846.72,,
210,06-10-2024 09:42:15,8747.52,,
211,06-10-2024 09:47:15,19522.56,,
212,06-10-2024 09:52:15,19348.48,,
213,06-10-2024 09:57:15,19614.72,,
214,06-10-2024 10:02:15,19568.64,,
215,06-10-2024 10:07:15,20208.64,,
216,06-10-2024 10:12:15,20372.48,,
217,06-10-2024 10:17:15,20945.92,,
218,06-10-2024 10:22:15,21237.76,,
219,06-10-2024 10:27:15,21872.64,,
220,06-10-2024 10:32:15,22394.88,,
221,06-10-2024 10:37:15,22292.48,,
222,06-10-2024 10:42:15,22456.32,,
223,06-10-2024 10:47:15,23162.88,,
224,06-10-2024 10:52:15,23859.20,,
225,06-10-2024 10:57:15,24268.80,,
226,06-10-2024 11:02:15,24821.76,,
227,06-10-2024 11:07:15,24320.00,,
228,06-10-2024 11:12:15,24657.92,,
229,06-10-2024 11:17:15,25128.96,,
230,06-10-2024 11:22:15,25845.76,,
231,06-10-2024 11:27:15,26357.76,,
232,06-10-2024 11:32:15,25733.12,,
233,06-10-2024 11:37:15,25702.40,,
234,06-10-2024 11:42:15,9159.68,,
235,06-10-2024 11:47:15,27924.48,,
236,06-10-2024 11:52:15,22466.56,,
237,06-10-2024 11:57:15,8747.52,,
238,06-10-2024 12:02:15,28446.72,,
239,06-10-2024 12:07:15,28026.88,,
240,06-10-2024 12:12:15,25815.04,,
241,06-10-2024 12:17:15,28897.28,,
242,06-10-2024 12:22:15,29296.64,,
243,06-10-2024 12:27:15,29009.92,,
244,06-10-2024 12:32:15,27617.28,,
245,06-10-2024 12:37:15,27658.24,,
246,06-10-2024 12:42:15,27648.00,,
247,06-10-2024 12:47:15,27258.88,,
248,06-10-2024 12:52:15,28436.48,,
249,06-10-2024 12:57:15,29009.92,,
250,06-10-2024 13:02:15,29184.00,,
251,06-10-2024 13:07:15,22323.20,,
252,06-10-2024 13:12:15,28375.04,,
253,06-10-2024 13:17:15,28497.92,,
254,06-10-2024 13:22:15,20392.96,,
255,06-10-2024 13:27:15,28876.80,,
256,06-10-2024 13:32:15,28149.76,,
257,06-10-2024 13:37:15,28989.44,,
258,06-10-2024 13:42:15,28416.00,,
259,06-10-2024 13:47:15,28590.08,,
260,06-10-2024 13:52:15,27883.52,,
261,06-10-2024 13:57:15,28620.80,,
262,06-10-2024 14:02:15,21463.04,,
263,06-10-2024 14:07:15,27668.48,,
264,06-10-2024 14:12:15,27525.12,,
265,06-10-2024 14:17:15,27934.72,,
266,06-10-2024 14:22:15,28047.36,,
267,06-10-2024 14:27:15,28119.04,,
268,06-10-2024 14:32:15,26511.36,,
269,06-10-2024 14:37:15,25528.32,,
270,06-10-2024 14:42:15,26368.00,,
271,06-10-2024 14:47:15,26419.20,,
272,06-10-2024 14:52:15,25937.92,,
273,06-10-2024 14:57:15,27351.04,,
274,06-10-2024 15:02:15,26695.68,,
275,06-10-2024 15:07:15,24104.96,,
276,06-10-2024 15:12:15,25886.72,,
277,06-10-2024 15:17:15,26890.24,,
278,06-10-2024 15:22:15,26890.24,,
279,06-10-2024 15:27:15,26521.60,,
280,06-10-2024 15:32:15,26091.52,,
281,06-10-2024 15:37:15,25825.28,,
282,06-10-2024 15:42:15,25344.00,,
283,06-10-2024 15:47:15,25088.00,,
284,06-10-2024 15:52:15,25016.32,,
285,06-10-2024 15:57:15,24791.04,,
286,06-10-2024 16:02:15,21514.24,,
287,06-10-2024 16:07:15,21442.56,,
288,06-10-2024 16:12:15,15226.88,,
289,06-10-2024 16:17:15,4929.28,,
290,06-10-2024 16:22:15,4291.84,,
291,06-10-2024 16:27:15,7795.20,,
292,06-10-2024 16:32:15,21585.92,,
293,06-10-2024 16:37:15,18979.84,,
294,06-10-2024 16:42:15,13260.80,,
295,06-10-2024 16:47:15,5660.16,,
296,06-10-2024 16:52:15,2411.52,,
297,06-10-2024 16:57:15,2863.36,,
298,06-10-2024 17:02:15,2543.36,,
299,06-10-2024 17:07:15,3256.32,,
300,06-10-2024 17:12:15,2127.36,,
301,06-10-2024 17:17:15,2160.64,,
302,06-10-2024 17:22:15,2351.36,,
303,06-10-2024 17:27:15,1815.68,,
304,06-10-2024 17:32:15,1648.00,,
305,06-10-2024 17:37:15,4888.32,,
306,06-10-2024 17:42:15,1742.72,,
307,06-10-2024 17:47:15,1349.12,,
308,06-10-2024 17:52:15,1313.92,,
309,06-10-2024 17:57:15,1291.20,,
310,06-10-2024 18:02:15,1320.96,,
311,06-10-2024 18:07:15,1243.84,,
312,06-10-2024 18:12:15,1211.52,,
313,06-10-2024 18:17:15,1227.84,,
314,06-10-2024 18:22:15,1207.04,,
315,06-10-2024 18:27:15,1317.76,,
316,06-10-2024 18:32:15,1260.16,,
317,06-10-2024 18:37:15,1161.92,,
318,06-10-2024 18:42:15,1262.40,,
319,06-10-2024 18:47:15,1368.32,,
320,06-10-2024 18:52:15,1349.12,,
321,06-10-2024 18:57:15,1378.56,,
322,06-10-2024 19:02:15,1498.88,,
323,06-10-2024 19:07:15,1226.56,,
324,06-10-2024 19:12:15,992.00,,
325,06-10-2024 19:17:15,934.40,,
326,06-10-2024 19:22:15,902.40,,
327,06-10-2024 19:27:15,856.32,,
328,06-10-2024 19:32:15,831.36,,
329,06-10-2024 19:37:15,849.28,,
330,06-10-2024 19:42:15,843.52,,
331,06-10-2024 19:47:15,761.60,,
332,06-10-2024 19:52:15,720.64,,
333,06-10-2024 19:57:15,681.28,,
334,06-10-2024 20:02:15,648.48,,
335,06-10-2024 20:07:15,612.16,,
336,06-10-2024 20:12:15,580.32,,
337,06-10-2024 20:17:15,535.36,,
338,06-10-2024 20:22:15,470.56,,
339,06-10-2024 20:27:15,393.76,,
340,06-10-2024 20:32:15,355.68,,
341,06-10-2024 20:37:15,320.80,,
342,06-10-2024 20:42:15,279.20,,
343,06-10-2024 20:47:15,238.32,,
344,06-10-2024 20:52:15,201.68,,
345,06-10-2024 20:57:15,169.44,,
346,06-10-2024 21:02:15,142.20,,
347,06-10-2024 21:07:15,111.44,,
348,06-10-2024 21:12:15,84.72,,
349,06-10-2024 21:17:15,64.74,,
350,06-10-2024 21:22:15,44.68,,
351,06-10-2024 21:27:15,26.85,,
352,06-10-2024 21:32:15,15.66,,
353,06-10-2024 21:37:15,8.61,,
354,06-10-2024 21:42:15,4.11,,
355,06-10-2024 21:47:15,1.80,,
356,06-10-2024 21:52:15,0.93,,
357,06-10-2024 21:57:15,0.64,,
358,06-10-2024 22:02:15,0.21,,
359,06-10-2024 22:07:15,0.07,,
360,06-10-2024 22:12:15,0.07,,
361,06-10-2024 22:17:15,0.00,,
362,06-10-2024 22:22:15,0.00,,
363,06-10-2024 22:27:15,0.00,,
364,06-10-2024 22:32:15,0.00,,
365,06-10-2024 22:37:15,0.00,,
366,06-10-2024 22:42:15,0.00,,
367,06-10-2024 22:47:15,0.00,,
368,06-10-2024 22:52:15,0.00,,
369,06-10-2024 22:57:15,0.00,,
370,06-10-2024 23:02:15,0.00,,
371,06-10-2024 23:07:15,0.00,,
372,06-10-2024 23:12:15,0.00,,
373,06-10-2024 23:17:15,0.00,,
374,06-10-2024 23:22:15,0.00,,
375,06-10-2024 23:27:15,0.00,,
376,06-10-2024 23:32:15,0.00,,
377,06-10-2024 23:37:15,0.00,,
378,06-10-2024 23:42:15,0.00,,
379,06-10-2024 23:47:15,0.00,,
380,06-10-2024 23:52:15,0.00,,
381,06-10-2024 23:57:15,0.00,,
382,06-11-2024 00:02:15,0.00,,
383,06-11-2024 00:07:15,0.00,,
384,06-11-2024 00:12:15,0.00,,
385,06-11-2024 00:17:15,0.00,,
386,06-11-2024 00:22:15,0.00,,
387,06-11-2024 00:27:15,0.00,,
388,06-11-2024 00:32:15,0.00,,
389,06-11-2024 00:37:15,0.00,,
390,06-11-2024 00:42:15,0.00,,
391,06-11-2024 00:47:15,0.00,,
392,06-11-2024 00:52:15,0.00,,
393,06-11-2024 00:57:15,0.00,,
394,06-11-2024 01:02:15,0.00,,
395,06-11-2024 01:07:15,0.00,,
396,06-11-2024 01:12:15,0.00,,
397,06-11-2024 01:17:15,0.00,,
398,06-11-2024 01:22:15,0.00,,
399,06-11-2024 01:27:15,0.00,,
400,06-11-2024 01:32:15,0.00,,
401,06-11-2024 01:37:15,0.00,,
402,06-11-2024 01:42:15,0.00,,
403,06-11-2024 01:47:15,0.00,,
404,06-11-2024 01:52:15,0.07,,
405,06-11-2024 01:57:15,0.00,,
406,06-11-2024 02:02:15,0.00,,
407,06-11-2024 02:07:15,0.00,,
408,06-11-2024 02:12:15,0.00,,
409,06-11-2024 02:17:15,0.00,,
410,06-11-2024 02:22:15,0.00,,
411,06-11-2024 02:27:15,0.00,,
412,06-11-2024 02:32:15,0.00,,
413,06-11-2024 02:37:15,0.00,,
414,06-11-2024 02:42:15,0.00,,
415,06-11-2024 02:47:15,0.00,,
416,06-11-2024 02:52:15,0.00,,
417,06-11-2024 02:57:15,0.00,,
418,06-11-2024 03:02:15,0.00,,
419,06-11-2024 03:07:15,0.00,,
420,06-11-2024 03:12:15,0.00,,
421,06-11-2024 03:17:15,0.00,,
422,06-11-2024 03:22:15,0.00,,
423,06-11-2024 03:27:15,0.00,,
424,06-11-2024 03:32:15,0.00,,
425,06-11-2024 03:37:15,0.00,,
426,06-11-2024 03:42:15,0.00,,
427,06-11-2024 03:47:15,0.00,,
428,06-11-2024 03:52:15,0.00,,
429,06-11-2024 03:57:15,0.00,,
430,06-11-2024 04:02:15,0.00,,
431,06-11-2024 04:07:15,0.00,,
432,06-11-2024 04:12:15,0.00,,
433,06-11-2024 04:17:15,0.00,,
434,06-11-2024 04:22:15,0.00,,
435,06-11-2024 04:27:15,0.00,,
436,06-11-2024 04:32:15,0.28,,
437,06-11-2024 04:37:15,0.57,,
438,06-11-2024 04:42:15,0.72,,
439,06-11-2024 04:47:15,1.37,,
440,06-11-2024 04:52:15,2.45,,
441,06-11-2024 04:57:15,5.93,,
442,06-11-2024 05:02:15,13.19,,
443,06-11-2024 05:07:15,16.96,,
444,06-11-2024 05:12:15,31.90,,
445,06-11-2024 05:17:15,31.62,,
446,06-11-2024 05:22:15,55.14,,
447,06-11-2024 05:27:15,94.92,,
448,06-11-2024 05:32:15,116.72,,
449,06-11-2024 05:37:15,126.40,,
450,06-11-2024 05:42:15,260.40,,
451,06-11-2024 05:47:15,115.56,,
452,06-11-2024 05:52:15,110.60,,
453,06-11-2024 05:57:15,168.32,,
454,06-11-2024 06:02:15,416.00,,
455,06-11-2024 06:07:15,567.04,,
456,06-11-2024 06:12:15,278.80,,
457,06-11-2024 06:17:15,335.20,,
458,06-11-2024 06:22:15,428.96,,
459,06-11-2024 06:27:15,712.96,,
460,06-11-2024 06:32:15,793.28,,
461,06-11-2024 06:37:15,484.48,,
462,06-11-2024 06:42:15,772.48,,
463,06-11-2024 06:47:15,820.48,,
464,06-11-2024 06:52:15,1382.40,,
465,06-11-2024 06:57:15,793.28,,
466,06-11-2024 07:02:15,1090.88,,
467,06-11-2024 07:07:15,1028.48,,
468,06-11-2024 07:12:15,791.68,,
469,06-11-2024 07:17:15,1085.12,,
470,06-11-2024 07:22:15,1200.00,,
471,06-11-2024 07:27:15,1034.24,,
472,06-11-2024 07:32:15,1150.40,,
473,06-11-2024 07:37:15,1313.92,,
474,06-11-2024 07:42:15,834.24,,
475,06-11-2024 07:47:15,739.20,,
476,06-11-2024 07:52:15,1449.60,,
477,06-11-2024 07:57:15,1135.36,,
478,06-11-2024 08:02:15,1953.92,,
479,06-11-2024 08:07:15,2304.00,,
480,06-11-2024 08:12:15,1847.68,,
481,06-11-2024 08:17:15,1507.20,,
482,06-11-2024 08:22:15,1802.88,,
483,06-11-2024 08:27:15,1948.16,,
484,06-11-2024 08:32:15,1978.24,,
485,06-11-2024 08:37:15,2619.52,,
486,06-11-2024 08:42:15,5624.32,,
487,06-11-2024 08:47:15,3893.76,,
488,06-11-2024 08:52:15,2865.92,,
489,06-11-2024 08:57:15,2727.68,,
490,06-11-2024 09:02:15,4711.68,,
491,06-11-2024 09:07:15,3668.48,,
492,06-11-2024 09:12:15,5608.96,,
493,06-11-2024 09:17:15,5411.84,,
494,06-11-2024 09:22:15,8007.68,,
495,06-11-2024 09:27:15,10864.64,,
496,06-11-2024 09:32:15,7298.56,,
497,06-11-2024 09:37:15,3912.96,,
498,06-11-2024 09:42:15,6046.72,,
499,06-11-2024 09:47:15,5926.40,,
500,06-11-2024 09:52:15,6528.00,,
501,06-11-2024 09:57:15,25559.04,,
502,06-11-2024 10:02:15,11719.68,,
503,06-11-2024 10:07:15,20613.12,,
504,06-11-2024 10:12:15,8711.68,,
505,06-11-2024 10:17:15,4633.60,,
506,06-11-2024 10:22:15,4125.44,,
507,06-11-2024 10:27:15,3919.36,,
508,06-11-2024 10:32:15,4243.20,,
509,06-11-2024 10:37:15,4245.76,,
510,06-11-2024 10:42:15,3457.28,,
511,06-11-2024 10:47:15,3898.88,,
512,06-11-2024 10:52:15,24422.40,,
513,06-11-2024 10:57:15,26214.40,,
514,06-11-2024 11:02:15,26613.76,,
515,06-11-2024 11:07:15,11581.44,,
516,06-11-2024 11:12:15,29624.32,,
517,06-11-2024 11:17:15,9784.32,,
518,06-11-2024 11:22:15,11207.68,,
519,06-11-2024 11:27:15,29491.20,,
520,06-11-2024 11:32:15,13998.08,,
521,06-11-2024 11:37:15,9512.96,,
522,06-11-2024 11:42:15,31907.84,,
523,06-11-2024 11:47:15,5893.12,,
524,06-11-2024 11:52:15,14709.76,,
525,06-11-2024 11:57:15,8985.60,,
526,06-11-2024 12:02:15,28385.28,,
527,06-11-2024 12:07:15,27719.68,,
528,06-11-2024 12:12:15,27607.04,,
529,06-11-2024 12:17:15,27648.00,,
530,06-11-2024 12:22:15,27791.36,,
531,06-11-2024 12:27:15,27873.28,,
532,06-11-2024 12:32:15,27965.44,,
533,06-11-2024 12:37:15,28098.56,,
534,06-11-2024 12:42:15,28303.36,,
535,06-11-2024 12:47:15,28620.80,,
536,06-11-2024 12:52:15,28702.72,,
537,06-11-2024 12:57:15,28692.48,,
538,06-11-2024 13:02:15,28672.00,,
539,06-11-2024 13:07:15,28979.20,,
540,06-11-2024 13:12:15,28968.96,,
541,06-11-2024 13:17:15,29071.36,,
542,06-11-2024 13:22:15,29030.40,,
543,06-11-2024 13:27:15,28887.04,,
544,06-11-2024 13:32:15,29143.04,,
545,06-11-2024 13:37:15,29255.68,,
546,06-11-2024 13:42:15,29347.84,,
547,06-11-2024 13:47:15,29399.04,,
548,06-11-2024 13:52:15,29245.44,,
549,06-11-2024 13:57:15,29184.00,,
550,06-11-2024 14:02:15,29388.80,,
551,06-11-2024 14:07:15,24616.96,,
552,06-11-2024 14:12:15,9571.84,,
553,06-11-2024 14:17:15,23951.36,,
554,06-11-2024 14:22:15,30167.04,,
555,06-11-2024 14:27:15,29491.20,,
556,06-11-2024 14:32:15,28968.96,,
557,06-11-2024 14:37:15,28968.96,,
558,06-11-2024 14:42:15,28876.80,,
559,06-11-2024 14:47:15,28672.00,,
560,06-11-2024 14:52:15,28497.92,,
561,06-11-2024 14:57:15,28426.24,,
562,06-11-2024 15:02:15,28211.20,,
563,06-11-2024 15:07:15,28303.36,,
564,06-11-2024 15:12:15,29501.44,,
565,06-11-2024 15:17:15,30730.24,,
566,06-11-2024 15:22:15,30699.52,,
567,06-11-2024 15:27:15,6799.36,,
568,06-11-2024 15:32:15,3580.16,,
569,06-11-2024 15:37:15,26951.68,,
570,06-11-2024 15:42:15,26562.56,,
571,06-11-2024 15:47:15,26245.12,,
572,06-11-2024 15:52:15,26265.60,,
573,06-11-2024 15:57:15,27985.92,,
574,06-11-2024 16:02:15,29399.04,,
575,06-11-2024 16:07:15,10204.16,,
576,06-11-2024 16:12:15,12733.44,,
577,06-11-2024 16:17:15,7447.04,,
578,06-11-2024 16:22:15,17725.44,,
579,06-11-2024 16:27:15,7326.72,,
580,06-11-2024 16:32:15,8588.80,,
581,06-11-2024 16:37:15,9525.76,,
582,06-11-2024 16:42:15,26982.40,,
583,06-11-2024 16:47:15,10007.04,,
584,06-11-2024 16:52:15,5544.96,,
585,06-11-2024 16:57:15,3993.60,,
586,06-11-2024 17:02:15,3086.08,,
587,06-11-2024 17:07:15,3189.76,,
588,06-11-2024 17:12:15,3714.56,,
589,06-11-2024 17:17:15,3146.24,,
590,06-11-2024 17:22:15,3147.52,,
591,06-11-2024 17:27:15,4328.96,,
592,06-11-2024 17:32:15,3843.84,,
593,06-11-2024 17:37:15,3385.60,,
594,06-11-2024 17:42:15,2713.60,,
595,06-11-2024 17:47:15,3536.64,,
596,06-11-2024 17:52:15,2667.52,,
597,06-11-2024 17:57:15,1576.32,,
598,06-11-2024 18:02:15,1798.40,,
599,06-11-2024 18:07:15,2453.12,,
600,06-11-2024 18:12:15,2360.96,,
601,06-11-2024 18:17:15,2022.40,,
602,06-11-2024 18:22:15,2055.68,,
603,06-11-2024 18:27:15,2304.00,,
604,06-11-2024 18:32:15,1873.28,,
605,06-11-2024 18:37:15,1538.56,,
606,06-11-2024 18:42:15,1646.72,,
607,06-11-2024 18:47:15,2400.00,,
608,06-11-2024 18:52:15,1919.36,,
609,06-11-2024 18:57:15,1624.96,,
610,06-11-2024 19:02:15,2194.56,,
611,06-11-2024 19:07:15,2222.08,,
612,06-11-2024 19:12:15,2030.08,,
613,06-11-2024 19:17:15,1561.60,,
614,06-11-2024 19:22:15,1656.32,,
615,06-11-2024 19:27:15,1615.36,,
616,06-11-2024 19:32:15,1603.20,,
617,06-11-2024 19:37:15,1346.56,,
618,06-11-2024 19:42:15,1312.00,,
619,06-11-2024 19:47:15,1262.40,,
620,06-11-2024 19:52:15,1115.52,,
621,06-11-2024 19:57:15,904.32,,
622,06-11-2024 20:02:15,864.32,,
623,06-11-2024 20:07:15,784.64,,
624,06-11-2024 20:12:15,624.32,,
625,06-11-2024 20:17:15,575.20,,
626,06-11-2024 20:22:15,545.12,,
627,06-11-2024 20:27:15,507.52,,
628,06-11-2024 20:32:15,472.96,,
629,06-11-2024 20:37:15,470.08,,
630,06-11-2024 20:42:15,421.60,,
631,06-11-2024 20:47:15,334.08,,
632,06-11-2024 20:52:15,276.72,,
633,06-11-2024 20:57:15,217.84,,
634,06-11-2024 21:02:15,169.60,,
635,06-11-2024 21:07:15,125.76,,
636,06-11-2024 21:12:15,91.80,,
637,06-11-2024 21:17:15,63.88,,
638,06-11-2024 21:22:15,42.98,,
639,06-11-2024 21:27:15,27.86,,
640,06-11-2024 21:32:15,16.55,,
641,06-11-2024 21:37:15,9.35,,
642,06-11-2024 21:42:15,4.99,,
643,06-11-2024 21:47:15,2.67,,
644,06-11-2024 21:52:15,1.29,,
645,06-11-2024 21:57:15,0.57,,
646,06-11-2024 22:02:15,0.28,,
647,06-11-2024 22:07:15,0.07,,
648,06-11-2024 22:12:15,0.00,,
649,06-11-2024 22:17:15,0.00,,
650,06-11-2024 22:22:15,0.00,,
651,06-11-2024 22:27:15,0.00,,
652,06-11-2024 22:32:15,0.00,,
653,06-11-2024 22:37:15,0.00,,
654,06-11-2024 22:42:15,0.00,,
655,06-11-2024 22:47:15,0.00,,
656,06-11-2024 22:52:15,0.00,,
657,06-11-2024 22:57:15,0.00,,
658,06-11-2024 23:02:15,0.00,,
659,06-11-2024 23:07:15,0.00,,
660,06-11-2024 23:12:15,0.00,,
661,06-11-2024 23:17:15,0.00,,
662,06-11-2024 23:22:15,0.00,,
663,06-11-2024 23:27:15,0.00,,
664,06-11-2024 23:32:15,0.00,,
665,06-11-2024 23:37:15,0.00,,
666,06-11-2024 23:42:15,0.00,,
667,06-11-2024 23:47:15,0.00,,
668,06-11-2024 23:52:15,0.00,,
669,06-11-2024 23:57:15,0.00,,
670,06-12-2024 00:02:15,0.00,,
671,06-12-2024 00:07:15,0.00,,
672,06-12-2024 00:12:15,0.00,,
673,06-12-2024 00:17:15,0.00,,
674,06-12-2024 00:22:15,0.00,,
675,06-12-2024 00:27:15,0.00,,
676,06-12-2024 00:32:15,0.00,,
677,06-12-2024 00:37:15,0.00,,
678,06-12-2024 00:42:15,0.00,,
679,06-12-2024 00:47:15,0.00,,
680,06-12-2024 00:52:15,0.00,,
681,06-12-2024 00:57:15,0.00,,
682,06-12-2024 01:02:15,0.00,,
683,06-12-2024 01:07:15,0.00,,
684,06-12-2024 01:12:15,0.00,,
685,06-12-2024 01:17:15,0.00,,
686,06-12-2024 01:22:15,0.00,,
687,06-12-2024 01:27:15,0.00,,
688,06-12-2024 01:32:15,0.00,,
689,06-12-2024 01:37:15,0.07,,
690,06-12-2024 01:42:15,0.00,,
691,06-12-2024 01:47:15,0.00,,
692,06-12-2024 01:52:15,0.00,,
693,06-12-2024 01:57:15,0.00,,
694,06-12-2024 02:02:15,0.00,,
695,06-12-2024 02:07:15,0.00,,
696,06-12-2024 02:12:15,0.00,,
697,06-12-2024 02:17:15,0.00,,
698,06-12-2024 02:22:15,0.00,,
699,06-12-2024 02:27:15,0.00,,
700,06-12-2024 02:32:15,0.00,,
701,06-12-2024 02:37:15,0.00,,
702,06-12-2024 02:42:15,0.00,,
703,06-12-2024 02:47:15,0.00,,
704,06-12-2024 02:52:15,0.00,,
705,06-12-2024 02:57:15,0.00,,
706,06-12-2024 03:02:15,0.00,,
707,06-12-2024 03:07:15,0.00,,
708,06-12-2024 03:12:15,0.00,,
709,06-12-2024 03:17:15,0.00,,
710,06-12-2024 03:22:15,0.00,,
711,06-12-2024 03:27:15,0.00,,
712,06-12-2024 03:32:15,0.00,,
713,06-12-2024 03:37:15,0.00,,
714,06-12-2024 03:42:15,0.00,,
715,06-12-2024 03:47:15,0.00,,
716,06-12-2024 03:52:15,0.00,,
717,06-12-2024 03:57:15,0.00,,
718,06-12-2024 04:02:15,0.00,,
719,06-12-2024 04:07:15,0.00,,
720,06-12-2024 04:12:15,0.00,,
721,06-12-2024 04:17:15,0.00,,
722,06-12-2024 04:22:15,0.14,,
723,06-12-2024 04:27:15,0.28,,
724,06-12-2024 04:32:15,0.72,,
725,06-12-2024 04:37:15,1.44,,
726,06-12-2024 04:42:15,2.23,,
727,06-12-2024 04:47:15,4.62,,
728,06-12-2024 04:52:15,7.31,,
729,06-12-2024 04:57:15,11.46,,
730,06-12-2024 05:02:15,18.86,,
731,06-12-2024 05:07:15,24.22,,
732,06-12-2024 05:12:15,38.62,,
733,06-12-2024 05:17:15,63.08,,
734,06-12-2024 05:22:15,76.44,,
735,06-12-2024 05:27:15,99.40,,
736,06-12-2024 05:32:15,161.40,,
737,06-12-2024 05:37:15,377.60,,
738,06-12-2024 05:42:15,499.20,,
739,06-12-2024 05:47:15,502.08,,
740,06-12-2024 05:52:15,407.36,,
741,06-12-2024 05:57:15,424.48,,
742,06-12-2024 06:02:15,531.20,,
743,06-12-2024 06:07:15,496.32,,
744,06-12-2024 06:12:15,616.16,,
745,06-12-2024 06:17:15,703.36,,
746,06-12-2024 06:22:15,696.96,,
747,06-12-2024 06:27:15,692.80,,
748,06-12-2024 06:32:15,804.80,,
749,06-12-2024 06:37:15,1034.88,,
750,06-12-2024 06:42:15,900.16,,
751,06-12-2024 06:47:15,901.44,,
752,06-12-2024 06:52:15,912.96,,
753,06-12-2024 06:57:15,987.52,,
754,06-12-2024 07:02:15,1278.40,,
755,06-12-2024 07:07:15,1448.32,,
756,06-12-2024 07:12:15,1689.60,,
757,06-12-2024 07:17:15,5662.72,,
758,06-12-2024 07:22:15,2065.28,,
759,06-12-2024 07:27:15,3279.36,,
760,06-12-2024 07:32:15,7032.32,,
761,06-12-2024 07:37:15,8773.12,,
762,06-12-2024 07:42:15,10352.64,,
763,06-12-2024 07:47:15,8737.28,,
764,06-12-2024 07:52:15,5172.48,,
765,06-12-2024 07:57:15,3344.64,,
766,06-12-2024 08:02:15,3982.08,,
767,06-12-2024 08:07:15,2730.24,,
768,06-12-2024 08:12:15,2609.92,,
769,06-12-2024 08:17:15,3384.32,,
770,06-12-2024 08:22:15,3760.64,,
771,06-12-2024 08:27:15,3809.28,,
772,06-12-2024 08:32:15,6999.04,,
773,06-12-2024 08:37:15,1884.80,,
774,06-12-2024 08:42:15,1304.96,,
775,06-12-2024 08:47:15,1779.84,,
776,06-12-2024 08:52:15,1742.72,,
777,06-12-2024 08:57:15,2679.04,,
778,06-12-2024 09:02:15,3619.84,,
779,06-12-2024 09:07:15,2991.36,,
780,06-12-2024 09:12:15,2905.60,,
781,06-12-2024 09:17:15,5918.72,,
782,06-12-2024 09:22:15,12922.88,,
783,06-12-2024 09:27:15,19737.60,,
784,06-12-2024 09:32:15,21299.20,,
785,06-12-2024 09:37:15,17658.88,,
786,06-12-2024 09:42:15,20782.08,,
787,06-12-2024 09:47:15,10782.72,,
788,06-12-2024 09:52:15,11422.72,,
789,06-12-2024 09:57:15,15206.40,,
790,06-12-2024 10:02:15,5588.48,,
791,06-12-2024 10:07:15,10547.20,,
792,06-12-2024 10:12:15,20889.60,,
793,06-12-2024 10:17:15,21084.16,,
794,06-12-2024 10:22:15,21422.08,,
795,06-12-2024 10:27:15,21893.12,,
796,06-12-2024 10:32:15,22763.52,,
797,06-12-2024 10:37:15,22743.04,,
798,06-12-2024 10:42:15,22958.08,,
799,06-12-2024 10:47:15,23316.48,,
800,06-12-2024 10:52:15,23592.96,,
801,06-12-2024 10:57:15,23859.20,,
802,06-12-2024 11:02:15,24371.20,,
803,06-12-2024 11:07:15,24811.52,,
804,06-12-2024 11:12:15,25139.20,,
805,06-12-2024 11:17:15,25456.64,,
806,06-12-2024 11:22:15,25661.44,,
807,06-12-2024 11:27:15,25671.68,,
808,06-12-2024 11:32:15,26050.56,,
809,06-12-2024 11:37:15,26787.84,,
810,06-12-2024 11:42:15,26849.28,,
811,06-12-2024 11:47:15,30351.36,,
812,06-12-2024 11:52:15,29030.40,,
813,06-12-2024 11:57:15,24504.32,,
814,06-12-2024 12:02:15,27136.00,,
815,06-12-2024 12:07:15,26112.00,,
816,06-12-2024 12:12:15,27760.64,,
817,06-12-2024 12:17:15,29890.56,,
818,06-12-2024 12:22:15,29204.48,,
819,06-12-2024 12:27:15,29091.84,,
820,06-12-2024 12:32:15,29224.96,,
821,06-12-2024 12:37:15,22712.32,,
822,06-12-2024 12:42:15,30576.64,,
823,06-12-2024 12:47:15,28876.80,,
824,06-12-2024 12:52:15,28846.08,,
825,06-12-2024 12:57:15,28907.52,,
826,06-12-2024 13:02:15,29153.28,,
827,06-12-2024 13:07:15,29276.16,,
828,06-12-2024 13:12:15,29347.84,,
829,06-12-2024 13:17:15,29317.12,,
830,06-12-2024 13:22:15,29255.68,,
831,06-12-2024 13:27:15,29296.64,,
832,06-12-2024 13:32:15,29265.92,,
833,06-12-2024 13:37:15,29378.56,,
834,06-12-2024 13:42:15,29409.28,,
835,06-12-2024 13:47:15,29388.80,,
836,06-12-2024 13:52:15,29388.80,,
837,06-12-2024 13:57:15,29286.40,,
838,06-12-2024 14:02:15,29184.00,,
839,06-12-2024 14:07:15,29173.76,,
840,06-12-2024 14:12:15,29163.52,,
841,06-12-2024 14:17:15,29071.36,,
842,06-12-2024 14:22:15,28866.56,,
843,06-12-2024 14:27:15,28876.80,,
844,06-12-2024 14:32:15,28712.96,,
845,06-12-2024 14:37:15,28733.44,,
846,06-12-2024 14:42:15,28743.68,,
847,06-12-2024 14:47:15,28549.12,,
848,06-12-2024 14:52:15,28323.84,,
849,06-12-2024 14:57:15,28211.20,,
850,06-12-2024 15:02:15,28139.52,,
851,06-12-2024 15:07:15,27965.44,,
852,06-12-2024 15:12:15,27658.24,,
853,06-12-2024 15:17:15,27678.72,,
854,06-12-2024 15:22:15,27371.52,,
855,06-12-2024 15:27:15,26931.20,,
856,06-12-2024 15:32:15,26828.80,,
857,06-12-2024 15:37:15,26531.84,,
858,06-12-2024 15:42:15,26224.64,,
859,06-12-2024 15:47:15,25968.64,,
860,06-12-2024 15:52:15,25661.44,,
861,06-12-2024 15:57:15,25323.52,,
862,06-12-2024 16:02:15,25088.00,,
863,06-12-2024 16:07:15,24688.64,,
864,06-12-2024 16:12:15,12815.36,,
865,06-12-2024 16:17:15,7498.24,,
866,06-12-2024 16:22:15,7275.52,,
867,06-12-2024 16:27:15,10460.16,,
868,06-12-2024 16:32:15,23152.64,,
869,06-12-2024 16:37:15,16394.24,,
870,06-12-2024 16:42:15,14131.20,,
871,06-12-2024 16:47:15,1781.76,,
872,06-12-2024 16:52:15,1485.44,,
873,06-12-2024 16:57:15,2094.72,,
874,06-12-2024 17:02:15,1868.80,,
875,06-12-2024 17:07:15,1628.16,,
876,06-12-2024 17:12:15,1336.96,,
877,06-12-2024 17:17:15,1310.72,,
878,06-12-2024 17:22:15,1291.20,,
879,06-12-2024 17:27:15,1270.40,,
880,06-12-2024 17:32:15,1245.12,,
881,06-12-2024 17:37:15,1277.44,,
882,06-12-2024 17:42:15,1445.76,,
883,06-12-2024 17:47:15,1187.20,,
884,06-12-2024 17:52:15,1167.68,,
885,06-12-2024 17:57:15,1148.16,,
886,06-12-2024 18:02:15,1131.84,,
887,06-12-2024 18:07:15,1123.84,,
888,06-12-2024 18:12:15,1105.28,,
889,06-12-2024 18:17:15,1070.72,,
890,06-12-2024 18:22:15,1079.36,,
891,06-12-2024 18:27:15,1119.04,,
892,06-12-2024 18:32:15,1024.96,,
893,06-12-2024 18:37:15,999.68,,
894,06-12-2024 18:42:15,977.60,,
895,06-12-2024 18:47:15,958.72,,
896,06-12-2024 18:52:15,944.64,,
897,06-12-2024 18:57:15,920.32,,
898,06-12-2024 19:02:15,902.40,,
899,06-12-2024 19:07:15,887.04,,
900,06-12-2024 19:12:15,872.64,,
901,06-12-2024 19:17:15,849.92,,
902,06-12-2024 19:22:15,832.00,,
903,06-12-2024 19:27:15,812.48,,
904,06-12-2024 19:32:15,792.96,,
905,06-12-2024 19:37:15,772.48,,
906,06-12-2024 19:42:15,749.44,,
907,06-12-2024 19:47:15,727.04,,
908,06-12-2024 19:52:15,702.08,,
909,06-12-2024 19:57:15,674.88,,
910,06-12-2024 20:02:15,645.60,,
911,06-12-2024 20:07:15,614.40,,
912,06-12-2024 20:12:15,583.84,,
913,06-12-2024 20:17:15,547.68,,
914,06-12-2024 20:22:15,511.04,,
915,06-12-2024 20:27:15,472.00,,
916,06-12-2024 20:32:15,432.48,,
917,06-12-2024 20:37:15,390.88,,
918,06-12-2024 20:42:15,348.16,,
919,06-12-2024 20:47:15,304.64,,
920,06-12-2024 20:52:15,258.96,,
921,06-12-2024 20:57:15,213.68,,
922,06-12-2024 21:02:15,171.60,,
923,06-12-2024 21:07:15,132.08,,
924,06-12-2024 21:12:15,97.88,,
925,06-12-2024 21:17:15,69.72,,
926,06-12-2024 21:22:15,47.34,,
927,06-12-2024 21:27:15,30.50,,
928,06-12-2024 21:32:15,18.42,,
929,06-12-2024 21:37:15,10.16,,
930,06-12-2024 21:42:15,5.72,,
931,06-12-2024 21:47:15,2.95,,
932,06-12-2024 21:52:15,1.44,,
933,06-12-2024 21:57:15,0.64,,
934,06-12-2024 22:02:15,0.28,,
935,06-12-2024 22:07:15,0.14,,
936,06-12-2024 22:12:15,0.00,,
937,06-12-2024 22:17:15,0.00,,
938,06-12-2024 22:22:15,0.00,,
939,06-12-2024 22:27:15,0.00,,
940,06-12-2024 22:32:15,0.00,,
941,06-12-2024 22:37:15,0.00,,
942,06-12-2024 22:42:15,0.00,,
943,06-12-2024 22:47:15,0.00,,
944,06-12-2024 22:52:15,0.00,,
945,06-12-2024 22:57:15,0.00,,
946,06-12-2024 23:02:15,0.00,,
947,06-12-2024 23:07:15,0.00,,
948,06-12-2024 23:12:15,0.00,,
949,06-12-2024 23:17:15,0.00,,
950,06-12-2024 23:22:15,0.00,,
951,06-12-2024 23:27:15,0.00,,
952,06-12-2024 23:32:15,0.00,,
953,06-12-2024 23:37:15,0.00,,
954,06-12-2024 23:42:15,0.00,,
955,06-12-2024 23:47:15,0.00,,
956,06-12-2024 23:52:15,0.00,,
957,06-12-2024 23:57:15,0.00,,
958,06-13-2024 00:02:15,0.00,,
959,06-13-2024 00:07:15,0.00,,
960,06-13-2024 00:12:15,0.00,,
961,06-13-2024 00:17:15,0.00,,
962,06-13-2024 00:22:15,0.00,,
963,06-13-2024 00:27:15,0.00,,
964,06-13-2024 00:32:15,0.00,,
965,06-13-2024 00:37:15,0.00,,
966,06-13-2024 00:42:15,0.00,,
967,06-13-2024 00:47:15,0.00,,
968,06-13-2024 00:52:15,0.00,,
969,06-13-2024 00:57:15,0.00,,
970,06-13-2024 01:02:15,0.00,,
971,06-13-2024 01:07:15,0.00,,
972,06-13-2024 01:12:15,0.00,,
973,06-13-2024 01:17:15,0.00,,
974,06-13-2024 01:22:15,0.00,,
975,06-13-2024 01:27:15,0.00,,
976,06-13-2024 01:32:15,0.00,,
977,06-13-2024 01:37:15,0.00,,
978,06-13-2024 01:42:15,0.00,,
979,06-13-2024 01:47:15,0.00,,
980,06-13-2024 01:52:15,0.07,,
981,06-13-2024 01:57:15,0.00,,
982,06-13-2024 02:02:15,0.00,,
983,06-13-2024 02:07:15,0.00,,
984,06-13-2024 02:12:15,0.00,,
985,06-13-2024 02:17:15,0.00,,
986,06-13-2024 02:22:15,0.00,,
987,06-13-2024 02:27:15,0.00,,
988,06-13-2024 02:32:15,0.00,,
989,06-13-2024 02:37:15,0.00,,
990,06-13-2024 02:42:15,0.00,,
991,06-13-2024 02:47:15,0.00,,
992,06-13-2024 02:52:15,0.00,,
993,06-13-2024 02:57:15,0.00,,
994,06-13-2024 03:02:15,0.00,,
995,06-13-2024 03:07:15,0.00,,
996,06-13-2024 03:12:15,0.00,,
997,06-13-2024 03:17:15,0.00,,
998,06-13-2024 03:22:15,0.00,,
999,06-13-2024 03:27:15,0.00,,
1000,06-13-2024 03:32:15,0.00,,
1001,06-13-2024 03:37:15,0.00,,
1002,06-13-2024 03:42:15,0.00,,
1003,06-13-2024 03:47:15,0.00,,
1004,06-13-2024 03:52:15,0.00,,
1005,06-13-2024 03:57:15,0.00,,
1006,06-13-2024 04:02:15,0.00,,
1007,06-13-2024 04:07:15,0.00,,
1008,06-13-2024 04:12:15,0.00,,
1009,06-13-2024 04:17:15,0.14,,
1010,06-13-2024 04:22:15,0.28,,
1011,06-13-2024 04:27:15,0.72,,
1012,06-13-2024 04:32:15,1.51,,
1013,06-13-2024 04:37:15,3.03,,
1014,06-13-2024 04:42:15,5.64,,
1015,06-13-2024 04:47:15,10.44,,
1016,06-13-2024 04:52:15,18.86,,
1017,06-13-2024 04:57:15,31.65,,
1018,06-13-2024 05:02:15,49.94,,
1019,06-13-2024 05:07:15,75.50,,
1020,06-13-2024 05:12:15,107.76,,
1021,06-13-2024 05:17:15,145.52,,
1022,06-13-2024 05:22:15,188.08,,
1023,06-13-2024 05:27:15,234.56,,
1024,06-13-2024 05:32:15,285.12,,
1025,06-13-2024 05:37:15,337.28,,
1026,06-13-2024 05:42:15,386.88,,
1027,06-13-2024 05:47:15,435.04,,
1028,06-13-2024 05:52:15,480.96,,
1029,06-13-2024 05:57:15,524.96,,
1030,06-13-2024 06:02:15,572.80,,
1031,06-13-2024 06:07:15,617.92,,
1032,06-13-2024 06:12:15,660.48,,
1033,06-13-2024 06:17:15,702.72,,
1034,06-13-2024 06:22:15,746.56,,
1035,06-13-2024 06:27:15,797.44,,
1036,06-13-2024 06:32:15,839.68,,
1037,06-13-2024 06:37:15,867.84,,
1038,06-13-2024 06:42:15,893.44,,
1039,06-13-2024 06:47:15,933.12,,
1040,06-13-2024 06:52:15,989.76,,
1041,06-13-2024 06:57:15,1056.32,,
1042,06-13-2024 07:02:15,1143.36,,
1043,06-13-2024 07:07:15,1628.16,,
1044,06-13-2024 07:12:15,5299.20,,
1045,06-13-2024 07:17:15,6638.08,,
1046,06-13-2024 07:22:15,7226.88,,
1047,06-13-2024 07:27:15,7713.28,,
1048,06-13-2024 07:32:15,8000.00,,
1049,06-13-2024 07:37:15,8404.48,,
1050,06-13-2024 07:42:15,8839.68,,
1051,06-13-2024 07:47:15,9369.60,,
1052,06-13-2024 07:52:15,9720.32,,
1053,06-13-2024 07:57:15,10209.28,,
1054,06-13-2024 08:02:15,10828.80,,
1055,06-13-2024 08:07:15,11407.36,,
1056,06-13-2024 08:12:15,11944.96,,
1057,06-13-2024 08:17:15,12759.04,,
1058,06-13-2024 08:22:15,13788.16,,
1059,06-13-2024 08:27:15,8944.64,,
1060,06-13-2024 08:32:15,14243.84,,
1061,06-13-2024 08:37:15,14648.32,,
1062,06-13-2024 08:42:15,13936.64,,
1063,06-13-2024 08:47:15,14438.40,,
1064,06-13-2024 08:52:15,14545.92,,
1065,06-13-2024 08:57:15,14054.40,,
1066,06-13-2024 09:02:15,15073.28,,
1067,06-13-2024 09:07:15,13957.12,,
1068,06-13-2024 09:12:15,16276.48,,
1069,06-13-2024 09:17:15,14694.40,,
1070,06-13-2024 09:22:15,15098.88,,
1071,06-13-2024 09:27:15,16327.68,,
1072,06-13-2024 09:32:15,16568.32,,
1073,06-13-2024 09:37:15,17561.60,,
1074,06-13-2024 09:42:15,17945.60,,
1075,06-13-2024 09:47:15,18631.68,,
1076,06-13-2024 09:52:15,18800.64,,
1077,06-13-2024 09:57:15,18892.80,,
1078,06-13-2024 10:02:15,19072.00,,
1079,06-13-2024 10:07:15,20142.08,,
1080,06-13-2024 10:12:15,20208.64,,
1081,06-13-2024 10:17:15,20833.28,,
1082,06-13-2024 10:22:15,19788.80,,
1083,06-13-2024 10:27:15,20761.60,,
1084,06-13-2024 10:32:15,22097.92,,
1085,06-13-2024 10:37:15,22753.28,,
1086,06-13-2024 10:42:15,22999.04,,
1087,06-13-2024 10:47:15,23572.48,,
1088,06-13-2024 10:52:15,23767.04,,
1089,06-13-2024 10:57:15,23664.64,,
1090,06-13-2024 11:02:15,23982.08,,
1091,06-13-2024 11:07:15,24135.68,,
1092,06-13-2024 11:12:15,25006.08,,
1093,06-13-2024 11:17:15,25559.04,,
1094,06-13-2024 11:22:15,25405.44,,
1095,06-13-2024 11:27:15,23726.08,,
1096,06-13-2024 11:32:15,24709.12,,
1097,06-13-2024 11:37:15,24555.52,,
1098,06-13-2024 11:42:15,26142.72,,
1099,06-13-2024 11:47:15,26347.52,,
1100,06-13-2024 11:52:15,26572.80,,
1101,06-13-2024 11:57:15,27074.56,,
1102,06-13-2024 12:02:15,25835.52,,
1103,06-13-2024 12:07:15,26941.44,,
1104,06-13-2024 12:12:15,27576.32,,
1105,06-13-2024 12:17:15,27525.12,,
1106,06-13-2024 12:22:15,27648.00,,
1107,06-13-2024 12:27:15,27873.28,,
1108,06-13-2024 12:32:15,27842.56,,
1109,06-13-2024 12:37:15,28057.60,,
1110,06-13-2024 12:42:15,28252.16,,
1111,06-13-2024 12:47:15,28405.76,,
1112,06-13-2024 12:52:15,28313.60,,
1113,06-13-2024 12:57:15,28139.52,,
1114,06-13-2024 13:02:15,28866.56,,
1115,06-13-2024 13:07:15,28774.40,,
1116,06-13-2024 13:12:15,28968.96,,
1117,06-13-2024 13:17:15,29009.92,,
1118,06-13-2024 13:22:15,28968.96,,
1119,06-13-2024 13:27:15,29040.64,,
1120,06-13-2024 13:32:15,28661.76,,
1121,06-13-2024 13:37:15,27074.56,,
1122,06-13-2024 13:42:15,29347.84,,
1123,06-13-2024 13:47:15,29440.00,,
1124,06-13-2024 13:52:15,29245.44,,
1125,06-13-2024 13:57:15,29163.52,,
1126,06-13-2024 14:02:15,29163.52,,
1127,06-13-2024 14:07:15,29245.44,,
1128,06-13-2024 14:12:15,26327.04,,
1129,06-13-2024 14:17:15,21329.92,,
1130,06-13-2024 14:22:15,22077.44,,
1131,06-13-2024 14:27:15,24965.12,,
1132,06-13-2024 14:32:15,26152.96,,
1133,06-13-2024 14:37:15,26204.16,,
1134,06-13-2024 14:42:15,28221.44,,
1135,06-13-2024 14:47:15,28211.20,,
1136,06-13-2024 14:52:15,28354.56,,
1137,06-13-2024 14:57:15,28078.08,,
1138,06-13-2024 15:02:15,22630.40,,
1139,06-13-2024 15:07:15,27361.28,,
1140,06-13-2024 15:12:15,25497.60,,
1141,06-13-2024 15:17:15,27166.72,,
1142,06-13-2024 15:22:15,25784.32,,
1143,06-13-2024 15:27:15,26849.28,,
1144,06-13-2024 15:32:15,26644.48,,
1145,06-13-2024 15:37:15,25835.52,,
1146,06-13-2024 15:42:15,25743.36,,
1147,06-13-2024 15:47:15,25692.16,,
1148,06-13-2024 15:52:15,26030.08,,
1149,06-13-2024 15:57:15,24043.52,,
1150,06-13-2024 16:02:15,18800.64,,
1151,06-13-2024 16:07:15,17669.12,,
1152,06-13-2024 16:12:15,19681.28,,
1153,06-13-2024 16:17:15,4866.56,,
1154,06-13-2024 16:22:15,7237.12,,
1155,06-13-2024 16:27:15,23459.84,,
1156,06-13-2024 16:32:15,22947.84,,
1157,06-13-2024 16:37:15,9405.44,,
1158,06-13-2024 16:42:15,7889.92,,
1159,06-13-2024 16:47:15,1984.00,,
1160,06-13-2024 16:52:15,2040.96,,
1161,06-13-2024 16:57:15,2757.12,,
1162,06-13-2024 17:02:15,2323.84,,
1163,06-13-2024 17:07:15,1831.68,,
1164,06-13-2024 17:12:15,1768.32,,
1165,06-13-2024 17:17:15,1955.20,,
1166,06-13-2024 17:22:15,2272.64,,
1167,06-13-2024 17:27:15,2467.20,,
1168,06-13-2024 17:32:15,2603.52,,
1169,06-13-2024 17:37:15,2833.92,,
1170,06-13-2024 17:42:15,2753.28,,
1171,06-13-2024 17:47:15,2250.88,,
1172,06-13-2024 17:52:15,1792.64,,
1173,06-13-2024 17:57:15,1541.76,,
1174,06-13-2024 18:02:15,1366.40,,
1175,06-13-2024 18:07:15,1356.80,,
1176,06-13-2024 18:12:15,1349.12,,
1177,06-13-2024 18:17:15,1236.80,,
1178,06-13-2024 18:22:15,1188.48,,
1179,06-13-2024 18:27:15,1283.20,,
1180,06-13-2024 18:32:15,1104.64,,
1181,06-13-2024 18:37:15,1080.96,,
1182,06-13-2024 18:42:15,1077.12,,
1183,06-13-2024 18:47:15,1135.36,,
1184,06-13-2024 18:52:15,1063.04,,
1185,06-13-2024 18:57:15,1024.32,,
1186,06-13-2024 19:02:15,979.20,,
1187,06-13-2024 19:07:15,975.36,,
1188,06-13-2024 19:12:15,933.12,,
1189,06-13-2024 19:17:15,907.84,,
1190,06-13-2024 19:22:15,886.40,,
1191,06-13-2024 19:27:15,864.32,,
1192,06-13-2024 19:32:15,838.40,,
1193,06-13-2024 19:37:15,814.72,,
1194,06-13-2024 19:42:15,789.44,,
1195,06-13-2024 19:47:15,762.24,,
1196,06-13-2024 19:52:15,736.64,,
1197,06-13-2024 19:57:15,710.08,,
1198,06-13-2024 20:02:15,676.16,,
1199,06-13-2024 20:07:15,646.24,,
1200,06-13-2024 20:12:15,604.00,,
1201,06-13-2024 20:17:15,563.68,,
1202,06-13-2024 20:22:15,521.76,,
1203,06-13-2024 20:27:15,479.84,,
1204,06-13-2024 20:32:15,438.24,,
1205,06-13-2024 20:37:15,394.08,,
1206,06-13-2024 20:42:15,348.48,,
1207,06-13-2024 20:47:15,302.88,,
1208,06-13-2024 20:52:15,255.84,,
1209,06-13-2024 20:57:15,211.92,,
1210,06-13-2024 21:02:15,171.36,,
1211,06-13-2024 21:07:15,130.64,,
1212,06-13-2024 21:12:15,97.60,,
1213,06-13-2024 21:17:15,69.16,,
1214,06-13-2024 21:22:15,47.32,,
1215,06-13-2024 21:27:15,30.75,,
1216,06-13-2024 21:32:15,18.42,,
1217,06-13-2024 21:37:15,10.57,,
1218,06-13-2024 21:42:15,5.57,,
1219,06-13-2024 21:47:15,2.88,,
1220,06-13-2024 21:52:15,1.44,,
1221,06-13-2024 21:57:15,0.79,,
1222,06-13-2024 22:02:15,0.28,,
1223,06-13-2024 22:07:15,0.07,,
1224,06-13-2024 22:12:15,0.14,,
1225,06-13-2024 22:17:15,0.00,,
1226,06-13-2024 22:22:15,0.00,,
1227,06-13-2024 22:27:15,0.00,,
1228,06-13-2024 22:32:15,0.00,,
1229,06-13-2024 22:37:15,0.00,,
1230,06-13-2024 22:42:15,0.00,,
1231,06-13-2024 22:47:15,0.00,,
1232,06-13-2024 22:52:15,0.00,,
1233,06-13-2024 22:57:15,0.00,,
1234,06-13-2024 23:02:15,0.00,,
1235,06-13-2024 23:07:15,0.00,,
1236,06-13-2024 23:12:15,0.00,,
1237,06-13-2024 23:17:15,0.00,,
1238,06-13-2024 23:22:15,0.00,,
1239,06-13-2024 23:27:15,0.00,,
1240,06-13-2024 23:32:15,0.00,,
1241,06-13-2024 23:37:15,0.00,,
1242,06-13-2024 23:42:15,0.00,,
1243,06-13-2024 23:47:15,0.00,,
1244,06-13-2024 23:52:15,0.00,,
1245,06-13-2024 23:57:15,0.00,,
1246,06-14-2024 00:02:15,0.00,,
1247,06-14-2024 00:07:15,0.00,,
1248,06-14-2024 00:12:15,0.00,,
1249,06-14-2024 00:17:15,0.00,,
1250,06-14-2024 00:22:15,0.00,,
1251,06-14-2024 00:27:15,0.00,,
1252,06-14-2024 00:32:15,0.00,,
1253,06-14-2024 00:37:15,0.00,,
1254,06-14-2024 00:42:15,0.00,,
1255,06-14-2024 00:47:15,0.00,,
1256,06-14-2024 00:52:15,0.00,,
1257,06-14-2024 00:57:15,0.00,,
1258,06-14-2024 01:02:15,0.00,,
1259,06-14-2024 01:07:15,0.00,,
1260,06-14-2024 01:12:15,0.00,,
1261,06-14-2024 01:17:15,0.00,,
1262,06-14-2024 01:22:15,0.00,,
1263,06-14-2024 01:27:15,0.00,,
1264,06-14-2024 01:32:15,0.00,,
1265,06-14-2024 01:37:15,0.00,,
1266,06-14-2024 01:42:15,0.00,,
1267,06-14-2024 01:47:15,0.00,,
1268,06-14-2024 01:52:15,0.00,,
1269,06-14-2024 01:57:15,0.00,,
1270,06-14-2024 02:02:15,0.00,,
1271,06-14-2024 02:07:15,0.07,,
1272,06-14-2024 02:12:15,0.00,,
1273,06-14-2024 02:17:15,0.00,,
1274,06-14-2024 02:22:15,0.00,,
1275,06-14-2024 02:27:15,0.00,,
1276,06-14-2024 02:32:15,0.00,,
1277,06-14-2024 02:37:15,0.00,,
1278,06-14-2024 02:42:15,0.00,,
1279,06-14-2024 02:47:15,0.00,,
1280,06-14-2024 02:52:15,0.00,,
1281,06-14-2024 02:57:15,0.00,,
1282,06-14-2024 03:02:15,0.00,,
1283,06-14-2024 03:07:15,0.00,,
1284,06-14-2024 03:12:15,0.00,,
1285,06-14-2024 03:17:15,0.00,,
1286,06-14-2024 03:22:15,0.00,,
1287,06-14-2024 03:27:15,0.00,,
1288,06-14-2024 03:32:15,0.00,,
1289,06-14-2024 03:37:15,0.00,,
1290,06-14-2024 03:42:15,0.00,,
1291,06-14-2024 03:47:15,0.00,,
1292,06-14-2024 03:52:15,0.00,,
1293,06-14-2024 03:57:15,0.00,,
1294,06-14-2024 04:02:15,0.00,,
1295,06-14-2024 04:07:15,0.00,,
1296,06-14-2024 04:12:15,0.00,,
1297,06-14-2024 04:17:15,0.14,,
1298,06-14-2024 04:22:15,0.28,,
1299,06-14-2024 04:27:15,0.64,,
1300,06-14-2024 04:32:15,1.37,,
1301,06-14-2024 04:37:15,2.81,,
1302,06-14-2024 04:42:15,5.28,,
1303,06-14-2024 04:47:15,9.71,,
1304,06-14-2024 04:52:15,17.41,,
1305,06-14-2024 04:57:15,29.88,,
1306,06-14-2024 05:02:15,47.02,,
1307,06-14-2024 05:07:15,70.88,,
1308,06-14-2024 05:12:15,103.92,,
1309,06-14-2024 05:17:15,179.76,,
1310,06-14-2024 05:22:15,251.92,,
1311,06-14-2024 05:27:15,343.84,,
1312,06-14-2024 05:32:15,459.04,,
1313,06-14-2024 05:37:15,536.80,,
1314,06-14-2024 05:42:15,635.84,,
1315,06-14-2024 05:47:15,650.88,,
1316,06-14-2024 05:52:15,838.40,,
1317,06-14-2024 05:57:15,1140.48,,
1318,06-14-2024 06:02:15,1379.84,,
1319,06-14-2024 06:07:15,1235.84,,
1320,06-14-2024 06:12:15,920.00,,
1321,06-14-2024 06:17:15,700.48,,
1322,06-14-2024 06:22:15,600.64,,
1323,06-14-2024 06:27:15,1068.16,,
1324,06-14-2024 06:32:15,959.04,,
1325,06-14-2024 06:37:15,722.24,,
1326,06-14-2024 06:42:15,1070.08,,
1327,06-14-2024 06:47:15,1094.40,,
1328,06-14-2024 06:52:15,881.28,,
1329,06-14-2024 06:57:15,1322.24,,
1330,06-14-2024 07:02:15,1619.20,,
1331,06-14-2024 07:07:15,1930.88,,
1332,06-14-2024 07:12:15,2538.88,,
1333,06-14-2024 07:17:15,2397.44,,
1334,06-14-2024 07:22:15,2781.44,,
1335,06-14-2024 07:27:15,1728.64,,
1336,06-14-2024 07:32:15,1152.64,,
1337,06-14-2024 07:37:15,1381.12,,
1338,06-14-2024 07:42:15,1914.88,,
1339,06-14-2024 07:47:15,1742.72,,
1340,06-14-2024 07:52:15,1729.92,,
1341,06-14-2024 07:57:15,2490.24,,
1342,06-14-2024 08:02:15,2407.04,,
1343,06-14-2024 08:07:15,2058.24,,
1344,06-14-2024 08:12:15,2056.96,,
1345,06-14-2024 08:17:15,1729.92,,
1346,06-14-2024 08:22:15,1902.08,,
1347,06-14-2024 08:27:15,2661.12,,
1348,06-14-2024 08:32:15,3048.96,,
1349,06-14-2024 08:37:15,4934.40,,
1350,06-14-2024 08:42:15,2764.80,,
1351,06-14-2024 08:47:15,4439.04,,
1352,06-14-2024 08:52:15,5388.80,,
1353,06-14-2024 08:57:15,5327.36,,
1354,06-14-2024 09:02:15,3787.52,,
1355,06-14-2024 09:07:15,3494.40,,
1356,06-14-2024 09:12:15,5696.00,,
1357,06-14-2024 09:17:15,6266.88,,
1358,06-14-2024 09:22:15,5153.28,,
1359,06-14-2024 09:27:15,4028.16,,
1360,06-14-2024 09:32:15,5711.36,,
1361,06-14-2024 09:37:15,5849.60,,
1362,06-14-2024 09:42:15,6103.04,,
1363,06-14-2024 09:47:15,7040.00,,
1364,06-14-2024 09:52:15,5964.80,,
1365,06-14-2024 09:57:15,7244.80,,
1366,06-14-2024 10:02:15,7480.32,,
1367,06-14-2024 10:07:15,7490.56,,
1368,06-14-2024 10:12:15,22364.16,,
1369,06-14-2024 10:17:15,9812.48,,
1370,06-14-2024 10:22:15,23132.16,,
1371,06-14-2024 10:27:15,22753.28,,
1372,06-14-2024 10:32:15,24637.44,,
1373,06-14-2024 10:37:15,8816.64,,
1374,06-14-2024 10:42:15,4174.08,,
1375,06-14-2024 10:47:15,13199.36,,
1376,06-14-2024 10:52:15,22149.12,,
1377,06-14-2024 10:57:15,21125.12,,
1378,06-14-2024 11:02:15,10145.28,,
1379,06-14-2024 11:07:15,15375.36,,
1380,06-14-2024 11:12:15,17920.00,,
1381,06-14-2024 11:17:15,13178.88,,
1382,06-14-2024 11:22:15,13655.04,,
1383,06-14-2024 11:27:15,13342.72,,
1384,06-14-2024 11:32:15,9187.84,,
1385,06-14-2024 11:37:15,9466.88,,
1386,06-14-2024 11:42:15,12984.32,,
1387,06-14-2024 11:47:15,27914.24,,
1388,06-14-2024 11:52:15,22507.52,,
1389,06-14-2024 11:57:15,15416.32,,
1390,06-14-2024 12:02:15,12544.00,,
1391,06-14-2024 12:07:15,20070.40,,
1392,06-14-2024 12:12:15,32675.84,,
1393,06-14-2024 12:17:15,18508.80,,
1394,06-14-2024 12:22:15,32040.96,,
1395,06-14-2024 12:27:15,10992.64,,
1396,06-14-2024 12:32:15,33976.32,,
1397,06-14-2024 12:37:15,21022.72,,
1398,06-14-2024 12:42:15,31897.60,,
1399,06-14-2024 12:47:15,32624.64,,
1400,06-14-2024 12:52:15,8829.44,,
1401,06-14-2024 12:57:15,10629.12,,
1402,06-14-2024 13:02:15,9536.00,,
1403,06-14-2024 13:07:15,9771.52,,
1404,06-14-2024 13:12:15,11822.08,,
1405,06-14-2024 13:17:15,12892.16,,
1406,06-14-2024 13:22:15,11171.84,,
1407,06-14-2024 13:27:15,12241.92,,
1408,06-14-2024 13:32:15,7313.92,,
1409,06-14-2024 13:37:15,5239.04,,
1410,06-14-2024 13:42:15,5923.84,,
1411,06-14-2024 13:47:15,4592.64,,
1412,06-14-2024 13:52:15,2725.12,,
1413,06-14-2024 13:57:15,2501.76,,
1414,06-14-2024 14:02:15,3407.36,,
1415,06-14-2024 14:07:15,3915.52,,
1416,06-14-2024 14:12:15,5560.32,,
1417,06-14-2024 14:17:15,5749.76,,
1418,06-14-2024 14:22:15,6481.92,,
1419,06-14-2024 14:27:15,2755.84,,
1420,06-14-2024 14:32:15,4071.68,,
1421,06-14-2024 14:37:15,4582.40,,
1422,06-14-2024 14:42:15,4793.60,,
1423,06-14-2024 14:47:15,5575.68,,
1424,06-14-2024 14:52:15,6256.64,,
1425,06-14-2024 14:57:15,7626.24,,
1426,06-14-2024 15:02:15,13004.80,,
1427,06-14-2024 15:07:15,6190.08,,
1428,06-14-2024 15:12:15,4846.08,,
1429,06-14-2024 15:17:15,5332.48,,
1430,06-14-2024 15:22:15,4220.16,,
1431,06-14-2024 15:27:15,3714.56,,
1432,06-14-2024 15:32:15,4677.12,,
1433,06-14-2024 15:37:15,4839.68,,
1434,06-14-2024 15:42:15,4922.88,,
1435,06-14-2024 15:47:15,5281.28,,
1436,06-14-2024 15:52:15,4166.40,,
1437,06-14-2024 15:57:15,3272.96,,
1438,06-14-2024 16:02:15,3427.84,,
1439,06-14-2024 16:07:15,3841.28,,
1440,06-14-2024 16:12:15,3626.24,,
1441,06-14-2024 16:17:15,3732.48,,
1442,06-14-2024 16:22:15,5053.44,,
1443,06-14-2024 16:27:15,6197.76,,
1444,06-14-2024 16:32:15,6510.08,,
1445,06-14-2024 16:37:15,6187.52,,
1446,06-14-2024 16:42:15,8166.40,,
1447,06-14-2024 16:47:15,3192.32,,
1448,06-14-2024 16:52:15,4820.48,,
1449,06-14-2024 16:57:15,3686.40,,
1450,06-14-2024 17:02:15,2851.84,,
1451,06-14-2024 17:07:15,3279.36,,
1452,06-14-2024 17:12:15,3528.96,,
1453,06-14-2024 17:17:15,3841.28,,
1454,06-14-2024 17:22:15,4414.72,,
1455,06-14-2024 17:27:15,3388.16,,
1456,06-14-2024 17:32:15,3772.16,,
1457,06-14-2024 17:37:15,3086.08,,
1458,06-14-2024 17:42:15,2012.16,,
1459,06-14-2024 17:47:15,1414.40,,
1460,06-14-2024 17:52:15,1830.40,,
1461,06-14-2024 17:57:15,1375.36,,
1462,06-14-2024 18:02:15,1710.08,,
1463,06-14-2024 18:07:15,2384.00,,
1464,06-14-2024 18:12:15,2842.88,,
1465,06-14-2024 18:17:15,1306.24,,
1466,06-14-2024 18:22:15,1188.48,,
1467,06-14-2024 18:27:15,1222.08,,
1468,06-14-2024 18:32:15,1068.16,,
1469,06-14-2024 18:37:15,1032.96,,
1470,06-14-2024 18:42:15,1009.28,,
1471,06-14-2024 18:47:15,982.40,,
1472,06-14-2024 18:52:15,957.44,,
1473,06-14-2024 18:57:15,940.16,,
1474,06-14-2024 19:02:15,915.84,,
1475,06-14-2024 19:07:15,900.80,,
1476,06-14-2024 19:12:15,878.72,,
1477,06-14-2024 19:17:15,864.96,,
1478,06-14-2024 19:22:15,856.32,,
1479,06-14-2024 19:27:15,828.48,,
1480,06-14-2024 19:32:15,801.92,,
1481,06-14-2024 19:37:15,787.52,,
1482,06-14-2024 19:42:15,746.56,,
1483,06-14-2024 19:47:15,704.96,,
1484,06-14-2024 19:52:15,730.56,,
1485,06-14-2024 19:57:15,1012.16,,
1486,06-14-2024 20:02:15,1007.04,,
1487,06-14-2024 20:07:15,1078.72,,
1488,06-14-2024 20:12:15,811.84,,
1489,06-14-2024 20:17:15,757.44,,
1490,06-14-2024 20:22:15,605.76,,
1491,06-14-2024 20:27:15,640.48,,
1492,06-14-2024 20:32:15,503.84,,
1493,06-14-2024 20:37:15,403.04,,
1494,06-14-2024 20:42:15,345.28,,
1495,06-14-2024 20:47:15,273.28,,
1496,06-14-2024 20:52:15,232.24,,
1497,06-14-2024 20:57:15,188.96,,
1498,06-14-2024 21:02:15,141.04,,
1499,06-14-2024 21:07:15,122.56,,
1500,06-14-2024 21:12:15,96.72,,
1501,06-14-2024 21:17:15,73.48,,
1502,06-14-2024 21:22:15,50.24,,
1503,06-14-2024 21:27:15,32.52,,
1504,06-14-2024 21:32:15,19.45,,
1505,06-14-2024 21:37:15,11.17,,
1506,06-14-2024 21:42:15,6.29,,
1507,06-14-2024 21:47:15,3.24,,
1508,06-14-2024 21:52:15,1.66,,
1509,06-14-2024 21:57:15,0.86,,
1510,06-14-2024 22:02:15,0.36,,
1511,06-14-2024 22:07:15,0.14,,
1512,06-14-2024 22:12:15,0.00,,
1513,06-14-2024 22:17:15,0.00,,
1514,06-14-2024 22:22:15,0.00,,
1515,06-14-2024 22:27:15,0.00,,
1516,06-14-2024 22:32:15,0.00,,
1517,06-14-2024 22:37:15,0.00,,
1518,06-14-2024 22:42:15,0.00,,
1519,06-14-2024 22:47:15,0.00,,
1520,06-14-2024 22:52:15,0.00,,
1521,06-14-2024 22:57:15,0.00,,
1522,06-14-2024 23:02:15,0.00,,
1523,06-14-2024 23:07:15,0.00,,
1524,06-14-2024 23:12:15,0.00,,
1525,06-14-2024 23:17:15,0.00,,
1526,06-14-2024 23:22:15,0.00,,
1527,06-14-2024 23:27:15,0.00,,
1528,06-14-2024 23:32:15,0.00,,
1529,06-14-2024 23:37:15,0.00,,
1530,06-14-2024 23:42:15,0.00,,
1531,06-14-2024 23:47:15,0.00,,
1532,06-14-2024 23:52:15,0.00,,
1533,06-14-2024 23:57:15,0.00,,
1534,06-15-2024 00:02:15,0.00,,
1535,06-15-2024 00:07:15,0.00,,
1536,06-15-2024 00:12:15,0.00,,
1537,06-15-2024 00:17:15,0.00,,
1538,06-15-2024 00:22:15,0.00,,
1539,06-15-2024 00:27:15,0.00,,
1540,06-15-2024 00:32:15,0.00,,
1541,06-15-2024 00:37:15,0.00,,
1542,06-15-2024 00:42:15,0.00,,
1543,06-15-2024 00:47:15,0.00,,
1544,06-15-2024 00:52:15,0.00,,
1545,06-15-2024 00:57:15,0.00,,
1546,06-15-2024 01:02:15,0.00,,
1547,06-15-2024 01:07:15,0.00,,
1548,06-15-2024 01:12:15,0.00,,
1549,06-15-2024 01:17:15,0.00,,
1550,06-15-2024 01:22:15,0.00,,
1551,06-15-2024 01:27:15,0.00,,
1552,06-15-2024 01:32:15,0.00,,
1553,06-15-2024 01:37:15,0.00,,
1554,06-15-2024 01:42:15,0.00,,
1555,06-15-2024 01:47:15,0.00,,
1556,06-15-2024 01:52:15,0.00,,
1557,06-15-2024 01:57:15,0.00,,
1558,06-15-2024 02:02:15,0.00,,
1559,06-15-2024 02:07:15,0.07,,
1560,06-15-2024 02:12:15,0.00,,
1561,06-15-2024 02:17:15,0.00,,
1562,06-15-2024 02:22:15,0.00,,
1563,06-15-2024 02:27:15,0.00,,
1564,06-15-2024 02:32:15,0.00,,
1565,06-15-2024 02:37:15,0.00,,
1566,06-15-2024 02:42:15,0.00,,
1567,06-15-2024 02:47:15,0.00,,
1568,06-15-2024 02:52:15,0.00,,
1569,06-15-2024 02:57:15,0.00,,
1570,06-15-2024 03:02:15,0.00,,
1571,06-15-2024 03:07:15,0.00,,
1572,06-15-2024 03:12:15,0.00,,
1573,06-15-2024 03:17:15,0.00,,
1574,06-15-2024 03:22:15,0.00,,
1575,06-15-2024 03:27:15,0.00,,
1576,06-15-2024 03:32:15,0.00,,
1577,06-15-2024 03:37:15,0.00,,
1578,06-15-2024 03:42:15,0.00,,
1579,06-15-2024 03:47:15,0.00,,
1580,06-15-2024 03:52:15,0.00,,
1581,06-15-2024 03:57:15,0.00,,
1582,06-15-2024 04:02:15,0.00,,
1583,06-15-2024 04:07:15,0.00,,
1584,06-15-2024 04:12:15,0.00,,
1585,06-15-2024 04:17:15,0.07,,
1586,06-15-2024 04:22:15,0.14,,
1587,06-15-2024 04:27:15,0.36,,
1588,06-15-2024 04:32:15,0.64,,
1589,06-15-2024 04:37:15,1.22,,
1590,06-15-2024 04:42:15,3.24,,
1591,06-15-2024 04:47:15,7.10,,
1592,06-15-2024 04:52:15,12.76,,
1593,06-15-2024 04:57:15,20.88,,
1594,06-15-2024 05:02:15,31.33,,
1595,06-15-2024 05:07:15,39.48,,
1596,06-15-2024 05:12:15,54.00,,
1597,06-15-2024 05:17:15,75.50,,
1598,06-15-2024 05:22:15,96.72,,
1599,06-15-2024 05:27:15,122.56,,
1600,06-15-2024 05:32:15,116.20,,
1601,06-15-2024 05:37:15,170.16,,
1602,06-15-2024 05:42:15,220.72,,
1603,06-15-2024 05:47:15,255.68,,
1604,06-15-2024 05:52:15,326.88,,
1605,06-15-2024 05:57:15,495.20,,
1606,06-15-2024 06:02:15,621.92,,
1607,06-15-2024 06:07:15,712.96,,
1608,06-15-2024 06:12:15,778.24,,
1609,06-15-2024 06:17:15,875.84,,
1610,06-15-2024 06:22:15,978.88,,
1611,06-15-2024 06:27:15,976.00,,
1612,06-15-2024 06:32:15,1181.44,,
1613,06-15-2024 06:37:15,1312.00,,
1614,06-15-2024 06:42:15,1458.56,,
1615,06-15-2024 06:47:15,1639.68,,
1616,06-15-2024 06:52:15,1741.44,,
1617,06-15-2024 06:57:15,1600.64,,
1618,06-15-2024 07:02:15,1552.00,,
1619,06-15-2024 07:07:15,1534.72,,
1620,06-15-2024 07:12:15,1414.40,,
1621,06-15-2024 07:17:15,1538.56,,
1622,06-15-2024 07:22:15,1656.32,,
1623,06-15-2024 07:27:15,1585.92,,
1624,06-15-2024 07:32:15,1411.20,,
1625,06-15-2024 07:37:15,1454.08,,
1626,06-15-2024 07:42:15,1365.12,,
1627,06-15-2024 07:47:15,1645.44,,
1628,06-15-2024 07:52:15,2142.08,,
1629,06-15-2024 07:57:15,2993.92,,
1630,06-15-2024 08:02:15,3278.08,,
1631,06-15-2024 08:07:15,3525.12,,
1632,06-15-2024 08:12:15,3984.64,,
1633,06-15-2024 08:17:15,4742.40,,
1634,06-15-2024 08:22:15,4917.76,,
1635,06-15-2024 08:27:15,5288.96,,
1636,06-15-2024 08:32:15,4544.00,,
1637,06-15-2024 08:37:15,6064.64,,
1638,06-15-2024 08:42:15,11622.40,,
1639,06-15-2024 08:47:15,6773.76,,
1640,06-15-2024 08:52:15,5754.88,,
1641,06-15-2024 08:57:15,5342.72,,
1642,06-15-2024 09:02:15,4130.56,,
1643,06-15-2024 09:07:15,3892.48,,
1644,06-15-2024 09:12:15,4213.76,,
1645,06-15-2024 09:17:15,4663.04,,
1646,06-15-2024 09:22:15,4800.00,,
1647,06-15-2024 09:27:15,3612.16,,
1648,06-15-2024 09:32:15,4707.84,,
1649,06-15-2024 09:37:15,13655.04,,
1650,06-15-2024 09:42:15,15800.32,,
1651,06-15-2024 09:47:15,16435.20,,
1652,06-15-2024 09:52:15,15754.24,,
1653,06-15-2024 09:57:15,16281.60,,
1654,06-15-2024 10:02:15,16261.12,,
1655,06-15-2024 10:07:15,15452.16,,
1656,06-15-2024 10:12:15,12968.96,,
1657,06-15-2024 10:17:15,11878.40,,
1658,06-15-2024 10:22:15,18810.88,,
1659,06-15-2024 10:27:15,19512.32,,
1660,06-15-2024 10:32:15,20070.40,,
1661,06-15-2024 10:37:15,21309.44,,
1662,06-15-2024 10:42:15,23121.92,,
1663,06-15-2024 10:47:15,16983.04,,
1664,06-15-2024 10:52:15,16158.72,,
1665,06-15-2024 10:57:15,25139.20,,
1666,06-15-2024 11:02:15,24750.08,,
1667,06-15-2024 11:07:15,23674.88,,
1668,06-15-2024 11:12:15,25497.60,,
1669,06-15-2024 11:17:15,25559.04,,
1670,06-15-2024 11:22:15,25753.60,,
1671,06-15-2024 11:27:15,25784.32,,
1672,06-15-2024 11:32:15,25948.16,,
1673,06-15-2024 11:37:15,26163.20,,
1674,06-15-2024 11:42:15,26624.00,,
1675,06-15-2024 11:47:15,26654.72,,
1676,06-15-2024 11:52:15,27074.56,,
1677,06-15-2024 11:57:15,27709.44,,
1678,06-15-2024 12:02:15,27750.40,,
1679,06-15-2024 12:07:15,27678.72,,
1680,06-15-2024 12:12:15,27842.56,,
1681,06-15-2024 12:17:15,27934.72,,
1682,06-15-2024 12:22:15,28119.04,,
1683,06-15-2024 12:27:15,28313.60,,
1684,06-15-2024 12:32:15,28323.84,,
1685,06-15-2024 12:37:15,28456.96,,
1686,06-15-2024 12:42:15,29358.08,,
1687,06-15-2024 12:47:15,30341.12,,
1688,06-15-2024 12:52:15,10071.04,,
1689,06-15-2024 12:57:15,11622.40,,
1690,06-15-2024 13:02:15,19220.48,,
1691,06-15-2024 13:07:15,12349.44,,
1692,06-15-2024 13:12:15,17720.32,,
1693,06-15-2024 13:17:15,29122.56,,
1694,06-15-2024 13:22:15,17664.00,,
1695,06-15-2024 13:27:15,33003.52,,
1696,06-15-2024 13:32:15,30095.36,,
1697,06-15-2024 13:37:15,29624.32,,
1698,06-15-2024 13:42:15,29573.12,,
1699,06-15-2024 13:47:15,29440.00,,
1700,06-15-2024 13:52:15,29480.96,,
1701,06-15-2024 13:57:15,29440.00,,
1702,06-15-2024 14:02:15,29450.24,,
1703,06-15-2024 14:07:15,29224.96,,
1704,06-15-2024 14:12:15,29255.68,,
1705,06-15-2024 14:17:15,21872.64,,
1706,06-15-2024 14:22:15,30617.60,,
1707,06-15-2024 14:27:15,29532.16,,
1708,06-15-2024 14:32:15,29532.16,,
1709,06-15-2024 14:37:15,29122.56,,
1710,06-15-2024 14:42:15,28948.48,,
1711,06-15-2024 14:47:15,28641.28,,
1712,06-15-2024 14:52:15,28579.84,,
1713,06-15-2024 14:57:15,28497.92,,
1714,06-15-2024 15:02:15,28446.72,,
1715,06-15-2024 15:07:15,28221.44,,
1716,06-15-2024 15:12:15,28067.84,,
1717,06-15-2024 15:17:15,28692.48,,
1718,06-15-2024 15:22:15,28948.48,,
1719,06-15-2024 15:27:15,28579.84,,
1720,06-15-2024 15:32:15,27299.84,,
1721,06-15-2024 15:37:15,26828.80,,
1722,06-15-2024 15:42:15,26419.20,,
1723,06-15-2024 15:47:15,26132.48,,
1724,06-15-2024 15:52:15,25825.28,,
1725,06-15-2024 15:57:15,25600.00,,
1726,06-15-2024 16:02:15,25282.56,,
1727,06-15-2024 16:07:15,24934.40,,
1728,06-15-2024 16:12:15,20280.32,,
1729,06-15-2024 16:17:15,13967.36,,
1730,06-15-2024 16:22:15,5208.32,,
1731,06-15-2024 16:27:15,13475.84,,
1732,06-15-2024 16:32:15,23285.76,,
1733,06-15-2024 16:37:15,12262.40,,
1734,06-15-2024 16:42:15,8855.04,,
1735,06-15-2024 16:47:15,1927.68,,
1736,06-15-2024 16:52:15,1520.64,,
1737,06-15-2024 16:57:15,1530.24,,
1738,06-15-2024 17:02:15,1487.36,,
1739,06-15-2024 17:07:15,1893.76,,
1740,06-15-2024 17:12:15,1378.56,,
1741,06-15-2024 17:17:15,1335.04,,
1742,06-15-2024 17:22:15,1309.76,,
1743,06-15-2024 17:27:15,1333.76,,
1744,06-15-2024 17:32:15,1266.88,,
1745,06-15-2024 17:37:15,1344.00,,
1746,06-15-2024 17:42:15,1692.80,,
1747,06-15-2024 17:47:15,1255.36,,
1748,06-15-2024 17:52:15,1175.68,,
1749,06-15-2024 17:57:15,1150.40,,
1750,06-15-2024 18:02:15,1128.32,,
1751,06-15-2024 18:07:15,1335.04,,
1752,06-15-2024 18:12:15,1104.00,,
1753,06-15-2024 18:17:15,1077.12,,
1754,06-15-2024 18:22:15,1070.72,,
1755,06-15-2024 18:27:15,1112.64,,
1756,06-15-2024 18:32:15,1032.64,,
1757,06-15-2024 18:37:15,1017.92,,
1758,06-15-2024 18:42:15,1009.92,,
1759,06-15-2024 18:47:15,1000.00,,
1760,06-15-2024 18:52:15,974.72,,
1761,06-15-2024 18:57:15,965.44,,
1762,06-15-2024 19:02:15,911.68,,
1763,06-15-2024 19:07:15,904.96,,
1764,06-15-2024 19:12:15,870.08,,
1765,06-15-2024 19:17:15,859.20,,
1766,06-15-2024 19:22:15,863.36,,
1767,06-15-2024 19:27:15,852.80,,
1768,06-15-2024 19:32:15,890.56,,
1769,06-15-2024 19:37:15,1029.12,,
1770,06-15-2024 19:42:15,1049.92,,
1771,06-15-2024 19:47:15,1050.88,,
1772,06-15-2024 19:52:15,815.36,,
1773,06-15-2024 19:57:15,784.64,,
1774,06-15-2024 20:02:15,748.80,,
1775,06-15-2024 20:07:15,670.40,,
1776,06-15-2024 20:12:15,637.60,,
1777,06-15-2024 20:17:15,592.48,,
1778,06-15-2024 20:22:15,562.40,,
1779,06-15-2024 20:27:15,554.08,,
1780,06-15-2024 20:32:15,454.40,,
1781,06-15-2024 20:37:15,392.00,,
1782,06-15-2024 20:42:15,350.56,,
1783,06-15-2024 20:47:15,434.88,,
1784,06-15-2024 20:52:15,316.72,,
1785,06-15-2024 20:57:15,235.04,,
1786,06-15-2024 21:02:15,182.72,,
1787,06-15-2024 21:07:15,146.68,,
1788,06-15-2024 21:12:15,105.96,,
1789,06-15-2024 21:17:15,74.64,,
1790,06-15-2024 21:22:15,49.62,,
1791,06-15-2024 21:27:15,31.65,,
1792,06-15-2024 21:32:15,20.15,,
1793,06-15-2024 21:37:15,11.60,,
1794,06-15-2024 21:42:15,6.58,,
1795,06-15-2024 21:47:15,3.60,,
1796,06-15-2024 21:52:15,1.80,,
1797,06-15-2024 21:57:15,0.93,,
1798,06-15-2024 22:02:15,0.43,,
1799,06-15-2024 22:07:15,0.21,,
1800,06-15-2024 22:12:15,0.21,,
1801,06-15-2024 22:17:15,0.00,,
1802,06-15-2024 22:22:15,0.00,,
1803,06-15-2024 22:27:15,0.00,,
1804,06-15-2024 22:32:15,0.00,,
1805,06-15-2024 22:37:15,0.00,,
1806,06-15-2024 22:42:15,0.00,,
1807,06-15-2024 22:47:15,0.00,,
1808,06-15-2024 22:52:15,0.00,,
1809,06-15-2024 22:57:15,0.00,,
1810,06-15-2024 23:02:15,0.00,,
1811,06-15-2024 23:07:15,0.00,,
1812,06-15-2024 23:12:15,0.00,,
1813,06-15-2024 23:17:15,0.00,,
1814,06-15-2024 23:22:15,0.00,,
1815,06-15-2024 23:27:15,0.00,,
1816,06-15-2024 23:32:15,0.00,,
1817,06-15-2024 23:37:15,0.00,,
1818,06-15-2024 23:42:15,0.00,,
1819,06-15-2024 23:47:15,0.00,,
1820,06-15-2024 23:52:15,0.00,,
1821,06-15-2024 23:57:15,0.00,,
1822,06-16-2024 00:02:15,0.00,,
1823,06-16-2024 00:07:15,0.00,,
1824,06-16-2024 00:12:15,0.00,,
1825,06-16-2024 00:17:15,0.00,,
1826,06-16-2024 00:22:15,0.00,,
1827,06-16-2024 00:27:15,0.00,,
1828,06-16-2024 00:32:15,0.00,,
1829,06-16-2024 00:37:15,0.00,,
1830,06-16-2024 00:42:15,0.00,,
1831,06-16-2024 00:47:15,0.00,,
1832,06-16-2024 00:52:15,0.00,,
1833,06-16-2024 00:57:15,0.00,,
1834,06-16-2024 01:02:15,0.00,,
1835,06-16-2024 01:07:15,0.00,,
1836,06-16-2024 01:12:15,0.00,,
1837,06-16-2024 01:17:15,0.00,,
1838,06-16-2024 01:22:15,0.00,,
1839,06-16-2024 01:27:15,0.00,,
1840,06-16-2024 01:32:15,0.00,,
1841,06-16-2024 01:37:15,0.00,,
1842,06-16-2024 01:42:15,0.00,,
1843,06-16-2024 01:47:15,0.00,,
1844,06-16-2024 01:52:15,0.00,,
1845,06-16-2024 01:57:15,0.00,,
1846,06-16-2024 02:02:15,0.00,,
1847,06-16-2024 02:07:15,0.00,,
1848,06-16-2024 02:12:15,0.00,,
1849,06-16-2024 02:17:15,0.00,,
1850,06-16-2024 02:22:15,0.07,,
1851,06-16-2024 02:27:15,0.00,,
1852,06-16-2024 02:32:15,0.00,,
1853,06-16-2024 02:37:15,0.00,,
1854,06-16-2024 02:42:15,0.00,,
1855,06-16-2024 02:47:15,0.00,,
1856,06-16-2024 02:52:15,0.00,,
1857,06-16-2024 02:57:15,0.00,,
1858,06-16-2024 03:02:15,0.00,,
1859,06-16-2024 03:07:15,0.00,,
1860,06-16-2024 03:12:15,0.00,,
1861,06-16-2024 03:17:15,0.00,,
1862,06-16-2024 03:22:15,0.00,,
1863,06-16-2024 03:27:15,0.00,,
1864,06-16-2024 03:32:15,0.00,,
1865,06-16-2024 03:37:15,0.00,,
1866,06-16-2024 03:42:15,0.00,,
1867,06-16-2024 03:47:15,0.00,,
1868,06-16-2024 03:52:15,0.00,,
1869,06-16-2024 03:57:15,0.00,,
1870,06-16-2024 04:02:15,0.00,,
1871,06-16-2024 04:07:15,0.00,,
1872,06-16-2024 04:12:15,0.07,,
1873,06-16-2024 04:17:15,0.14,,
1874,06-16-2024 04:22:15,0.28,,
1875,06-16-2024 04:27:15,0.57,,
1876,06-16-2024 04:32:15,1.08,,
1877,06-16-2024 04:37:15,2.09,,
1878,06-16-2024 04:42:15,3.53,,
1879,06-16-2024 04:47:15,4.84,,
1880,06-16-2024 04:52:15,7.17,,
1881,06-16-2024 04:57:15,11.74,,
1882,06-16-2024 05:02:15,25.80,,
1883,06-16-2024 05:07:15,39.77,,
1884,06-16-2024 05:12:15,56.04,,
1885,06-16-2024 05:17:15,106.04,,
1886,06-16-2024 05:22:15,194.48,,
1887,06-16-2024 05:27:15,278.32,,
1888,06-16-2024 05:32:15,377.92,,
1889,06-16-2024 05:37:15,456.48,,
1890,06-16-2024 05:42:15,491.68,,
1891,06-16-2024 05:47:15,511.04,,
1892,06-16-2024 05:52:15,577.44,,
1893,06-16-2024 05:57:15,778.88,,
1894,06-16-2024 06:02:15,681.92,,
1895,06-16-2024 06:07:15,775.04,,
1896,06-16-2024 06:12:15,676.80,,
1897,06-16-2024 06:17:15,500.96,,
1898,06-16-2024 06:22:15,434.24,,
1899,06-16-2024 06:27:15,573.44,,
1900,06-16-2024 06:32:15,744.96,,
1901,06-16-2024 06:37:15,1225.28,,
1902,06-16-2024 06:42:15,1213.76,,
1903,06-16-2024 06:47:15,1166.40,,
1904,06-16-2024 06:52:15,1036.48,,
1905,06-16-2024 06:57:15,910.08,,
1906,06-16-2024 07:02:15,908.80,,
1907,06-16-2024 07:07:15,914.24,,
1908,06-16-2024 07:12:15,871.36,,
1909,06-16-2024 07:17:15,658.88,,
1910,06-16-2024 07:22:15,479.52,,
1911,06-16-2024 07:27:15,507.36,,
1912,06-16-2024 07:32:15,768.00,,
1913,06-16-2024 07:37:15,1330.56,,
1914,06-16-2024 07:42:15,1523.20,,
1915,06-16-2024 07:47:15,1375.36,,
1916,06-16-2024 07:52:15,1624.96,,
1917,06-16-2024 07:57:15,2561.92,,
1918,06-16-2024 08:02:15,2134.40,,
1919,06-16-2024 08:07:15,1928.96,,
1920,06-16-2024 08:12:15,2439.04,,
1921,06-16-2024 08:17:15,3189.76,,
1922,06-16-2024 08:22:15,3138.56,,
1923,06-16-2024 08:27:15,2402.56,,
1924,06-16-2024 08:32:15,2134.40,,
1925,06-16-2024 08:37:15,2322.56,,
1926,06-16-2024 08:42:15,2586.88,,
1927,06-16-2024 08:47:15,2744.32,,
1928,06-16-2024 08:52:15,2499.20,,
1929,06-16-2024 08:57:15,2325.76,,
1930,06-16-2024 09:02:15,2353.92,,
1931,06-16-2024 09:07:15,2315.52,,
1932,06-16-2024 09:12:15,2605.44,,
1933,06-16-2024 09:17:15,2656.00,,
1934,06-16-2024 09:22:15,3242.24,,
1935,06-16-2024 09:27:15,3488.00,,
1936,06-16-2024 09:32:15,3160.32,,
1937,06-16-2024 09:37:15,3080.96,,
1938,06-16-2024 09:42:15,2903.04,,
1939,06-16-2024 09:47:15,2190.72,,
1940,06-16-2024 09:52:15,1962.24,,
1941,06-16-2024 09:57:15,2304.00,,
1942,06-16-2024 10:02:15,2757.12,,
1943,06-16-2024 10:07:15,3325.44,,
1944,06-16-2024 10:12:15,3740.16,,
1945,06-16-2024 10:17:15,4464.64,,
1946,06-16-2024 10:22:15,5701.12,,
1947,06-16-2024 10:27:15,6284.80,,
1948,06-16-2024 10:32:15,5493.76,,
1949,06-16-2024 10:37:15,5006.08,,
1950,06-16-2024 10:42:15,6758.40,,
1951,06-16-2024 10:47:15,6643.20,,
1952,06-16-2024 10:52:15,4616.96,,
1953,06-16-2024 10:57:15,2736.64,,
1954,06-16-2024 11:02:15,1854.72,,
1955,06-16-2024 11:07:15,2312.32,,
1956,06-16-2024 11:12:15,2453.12,,
1957,06-16-2024 11:17:15,2676.48,,
1958,06-16-2024 11:22:15,2196.48,,
1959,06-16-2024 11:27:15,1843.20,,
1960,06-16-2024 11:32:15,3138.56,,
1961,06-16-2024 11:37:15,3792.64,,
1962,06-16-2024 11:42:15,3513.60,,
1963,06-16-2024 11:47:15,4340.48,,
1964,06-16-2024 11:52:15,5798.40,,
1965,06-16-2024 11:57:15,5890.56,,
1966,06-16-2024 12:02:15,6113.28,,
1967,06-16-2024 12:07:15,6123.52,,
1968,06-16-2024 12:12:15,7191.04,,
1969,06-16-2024 12:17:15,6003.20,,
1970,06-16-2024 12:22:15,4062.72,,
1971,06-16-2024 12:27:15,9315.84,,
1972,06-16-2024 12:32:15,11929.60,,
1973,06-16-2024 12:37:15,11366.40,,
1974,06-16-2024 12:42:15,10849.28,,
1975,06-16-2024 12:47:15,14658.56,,
1976,06-16-2024 12:52:15,12707.84,,
1977,06-16-2024 12:57:15,7288.32,,
1978,06-16-2024 13:02:15,6353.92,,
1979,06-16-2024 13:07:15,6174.72,,
1980,06-16-2024 13:12:15,6338.56,,
1981,06-16-2024 13:17:15,5926.40,,
1982,06-16-2024 13:22:15,5916.16,,
1983,06-16-2024 13:27:15,6443.52,,
1984,06-16-2024 13:32:15,6044.16,,
1985,06-16-2024 13:37:15,6261.76,,
1986,06-16-2024 13:42:15,6123.52,,
1987,06-16-2024 13:47:15,5875.20,,
1988,06-16-2024 13:52:15,5685.76,,
1989,06-16-2024 13:57:15,5969.92,,
1990,06-16-2024 14:02:15,5514.24,,
1991,06-16-2024 14:07:15,5130.24,,
1992,06-16-2024 14:12:15,4940.80,,
1993,06-16-2024 14:17:15,4938.24,,
1994,06-16-2024 14:22:15,5726.72,,
1995,06-16-2024 14:27:15,5440.00,,
1996,06-16-2024 14:32:15,6246.40,,
1997,06-16-2024 14:37:15,6827.52,,
1998,06-16-2024 14:42:15,6755.84,,
1999,06-16-2024 14:47:15,6556.16,,
2000,06-16-2024 14:52:15,7016.96,,
2001,06-16-2024 14:57:15,8046.08,,
2002,06-16-2024 15:02:15,8468.48,,
2003,06-16-2024 15:07:15,10900.48,,
2004,06-16-2024 15:12:15,9052.16,,
2005,06-16-2024 15:17:15,8312.32,,
2006,06-16-2024 15:22:15,7449.60,,
2007,06-16-2024 15:27:15,7052.80,,
2008,06-16-2024 15:32:15,6448.64,,
2009,06-16-2024 15:37:15,9600.00,,
2010,06-16-2024 15:42:15,8440.32,,
2011,06-16-2024 15:47:15,7334.40,,
2012,06-16-2024 15:52:15,6251.52,,
2013,06-16-2024 15:57:15,11115.52,,
2014,06-16-2024 16:02:15,15104.00,,
2015,06-16-2024 16:07:15,10516.48,,
2016,06-16-2024 16:12:15,9799.68,,
2017,06-16-2024 16:17:15,9241.60,,
2018,06-16-2024 16:22:15,6451.20,,
2019,06-16-2024 16:27:15,9848.32,,
2020,06-16-2024 16:32:15,12584.96,,
2021,06-16-2024 16:37:15,7777.28,,
2022,06-16-2024 16:42:15,5491.20,,
2023,06-16-2024 16:47:15,5231.36,,
2024,06-16-2024 16:52:15,5396.48,,
2025,06-16-2024 16:57:15,6136.32,,
2026,06-16-2024 17:02:15,6620.16,,
2027,06-16-2024 17:07:15,6128.64,,
2028,06-16-2024 17:12:15,5187.84,,
2029,06-16-2024 17:17:15,4168.96,,
2030,06-16-2024 17:22:15,3820.80,,
2031,06-16-2024 17:27:15,3212.80,,
2032,06-16-2024 17:32:15,3372.80,,
2033,06-16-2024 17:37:15,3342.08,,
2034,06-16-2024 17:42:15,3783.68,,
2035,06-16-2024 17:47:15,3930.88,,
2036,06-16-2024 17:52:15,3732.48,,
2037,06-16-2024 17:57:15,3065.60,,
2038,06-16-2024 18:02:15,3402.24,,
2039,06-16-2024 18:07:15,3889.92,,
2040,06-16-2024 18:12:15,3921.92,,
2041,06-16-2024 18:17:15,3929.60,,
2042,06-16-2024 18:22:15,3901.44,,
2043,06-16-2024 18:27:15,3799.04,,
2044,06-16-2024 18:32:15,3760.64,,
2045,06-16-2024 18:37:15,3735.04,,
2046,06-16-2024 18:42:15,3324.16,,
2047,06-16-2024 18:47:15,3025.92,,
2048,06-16-2024 18:52:15,3298.56,,
2049,06-16-2024 18:57:15,3187.20,,
2050,06-16-2024 19:02:15,2372.48,,
2051,06-16-2024 19:07:15,1405.44,,
2052,06-16-2024 19:12:15,1296.96,,
2053,06-16-2024 19:17:15,1775.36,,
2054,06-16-2024 19:22:15,2131.84,,
2055,06-16-2024 19:27:15,1829.12,,
2056,06-16-2024 19:32:15,1987.84,,
2057,06-16-2024 19:37:15,2056.96,,
2058,06-16-2024 19:42:15,1904.64,,
2059,06-16-2024 19:47:15,1688.32,,
2060,06-16-2024 19:52:15,1582.08,,
2061,06-16-2024 19:57:15,1431.04,,
2062,06-16-2024 20:02:15,1333.76,,
2063,06-16-2024 20:07:15,1186.24,,
2064,06-16-2024 20:12:15,974.08,,
2065,06-16-2024 20:17:15,783.68,,
2066,06-16-2024 20:22:15,650.88,,
2067,06-16-2024 20:27:15,606.88,,
2068,06-16-2024 20:32:15,644.96,,
2069,06-16-2024 20:37:15,657.60,,
2070,06-16-2024 20:42:15,491.36,,
2071,06-16-2024 20:47:15,397.92,,
2072,06-16-2024 20:52:15,328.80,,
2073,06-16-2024 20:57:15,277.36,,
2074,06-16-2024 21:02:15,228.56,,
2075,06-16-2024 21:07:15,173.36,,
2076,06-16-2024 21:12:15,127.96,,
2077,06-16-2024 21:17:15,87.28,,
2078,06-16-2024 21:22:15,57.96,,
2079,06-16-2024 21:27:15,33.75,,
2080,06-16-2024 21:32:15,19.18,,
2081,06-16-2024 21:37:15,11.17,,
2082,06-16-2024 21:42:15,6.22,,
2083,06-16-2024 21:47:15,3.24,,
2084,06-16-2024 21:52:15,1.51,,
2085,06-16-2024 21:57:15,0.64,,
2086,06-16-2024 22:02:15,0.28,,
2087,06-16-2024 22:07:15,0.14,,
2088,06-16-2024 22:12:15,0.07,,
2089,06-16-2024 22:17:15,0.00,,
2090,06-16-2024 22:22:15,0.00,,
2091,06-16-2024 22:27:15,0.07,,
2092,06-16-2024 22:32:15,0.00,,
2093,06-16-2024 22:37:15,0.00,,
2094,06-16-2024 22:42:15,0.07,,
2095,06-16-2024 22:47:15,0.00,,
2096,06-16-2024 22:52:15,0.00,,
2097,06-16-2024 22:57:15,0.00,,
2098,06-16-2024 23:02:15,0.00,,
2099,06-16-2024 23:07:15,0.00,,
2100,06-16-2024 23:12:15,0.00,,
2101,06-16-2024 23:17:15,0.00,,
2102,06-16-2024 23:22:15,0.00,,
2103,06-16-2024 23:27:15,0.00,,
2104,06-16-2024 23:32:15,0.00,,
2105,06-16-2024 23:37:15,0.00,,
2106,06-16-2024 23:42:15,0.00,,
2107,06-16-2024 23:47:15,0.00,,
2108,06-16-2024 23:52:15,0.00,,
2109,06-16-2024 23:57:15,0.00,,
2110,06-17-2024 00:02:15,0.00,,
2111,06-17-2024 00:07:15,0.00,,
2112,06-17-2024 00:12:15,0.00,,
2113,06-17-2024 00:17:15,0.00,,
2114,06-17-2024 00:22:15,0.00,,
2115,06-17-2024 00:27:15,0.00,,
2116,06-17-2024 00:32:15,0.00,,
2117,06-17-2024 00:37:15,0.00,,
2118,06-17-2024 00:42:15,0.00,,
2119,06-17-2024 00:47:15,0.00,,
2120,06-17-2024 00:52:15,0.00,,
2121,06-17-2024 00:57:15,0.00,,
2122,06-17-2024 01:02:15,0.00,,
2123,06-17-2024 01:07:15,0.00,,
2124,06-17-2024 01:12:15,0.00,,
2125,06-17-2024 01:17:15,0.00,,
2126,06-17-2024 01:22:15,0.00,,
2127,06-17-2024 01:27:15,0.00,,
2128,06-17-2024 01:32:15,0.00,,
2129,06-17-2024 01:37:15,0.00,,
2130,06-17-2024 01:42:15,0.00,,
2131,06-17-2024 01:47:15,0.00,,
2132,06-17-2024 01:52:15,0.00,,
2133,06-17-2024 01:57:15,0.00,,
2134,06-17-2024 02:02:15,0.00,,
2135,06-17-2024 02:07:15,0.00,,
2136,06-17-2024 02:12:15,0.00,,
2137,06-17-2024 02:17:15,0.00,,
2138,06-17-2024 02:22:15,0.00,,
2139,06-17-2024 02:27:15,0.00,,
2140,06-17-2024 02:32:15,0.00,,
2141,06-17-2024 02:37:15,0.07,,
2142,06-17-2024 02:42:15,0.00,,
2143,06-17-2024 02:47:15,0.00,,
2144,06-17-2024 02:52:15,0.07,,
2145,06-17-2024 02:57:15,0.00,,
2146,06-17-2024 03:02:15,0.00,,
2147,06-17-2024 03:07:15,0.00,,
2148,06-17-2024 03:12:15,0.00,,
2149,06-17-2024 03:17:15,0.00,,
2150,06-17-2024 03:22:15,0.00,,
2151,06-17-2024 03:27:15,0.00,,
2152,06-17-2024 03:32:15,0.00,,
2153,06-17-2024 03:37:15,0.00,,
2154,06-17-2024 03:42:15,0.00,,
2155,06-17-2024 03:47:15,0.00,,
2156,06-17-2024 03:52:15,0.00,,
2157,06-17-2024 03:57:15,0.00,,
2158,06-17-2024 04:02:15,0.00,,
2159,06-17-2024 04:07:15,0.00,,
2160,06-17-2024 04:12:15,0.00,,
2161,06-17-2024 04:17:15,0.00,,
2162,06-17-2024 04:22:15,0.07,,
2163,06-17-2024 04:27:15,0.14,,
2164,06-17-2024 04:32:15,0.28,,
2165,06-17-2024 04:37:15,1.22,,
2166,06-17-2024 04:42:15,2.09,,
2167,06-17-2024 04:47:15,3.90,,
2168,06-17-2024 04:52:15,4.41,,
2169,06-17-2024 04:57:15,10.22,,
2170,06-17-2024 05:02:15,13.33,,
2171,06-17-2024 05:07:15,23.49,,
2172,06-17-2024 05:12:15,35.98,,
2173,06-17-2024 05:17:15,45.04,,
2174,06-17-2024 05:22:15,53.12,,
2175,06-17-2024 05:27:15,61.86,,
2176,06-17-2024 05:32:15,87.12,,
2177,06-17-2024 05:37:15,111.80,,
2178,06-17-2024 05:42:15,130.92,,
2179,06-17-2024 05:47:15,162.72,,
2180,06-17-2024 05:52:15,184.80,,
2181,06-17-2024 05:57:15,214.08,,
2182,06-17-2024 06:02:15,295.12,,
2183,06-17-2024 06:07:15,358.24,,
2184,06-17-2024 06:12:15,392.32,,
2185,06-17-2024 06:17:15,362.40,,
2186,06-17-2024 06:22:15,420.96,,
2187,06-17-2024 06:27:15,438.88,,
2188,06-17-2024 06:32:15,459.68,,
2189,06-17-2024 06:37:15,545.76,,
2190,06-17-2024 06:42:15,523.20,,
2191,06-17-2024 06:47:15,578.56,,
2192,06-17-2024 06:52:15,588.48,,
2193,06-17-2024 06:57:15,673.28,,
2194,06-17-2024 07:02:15,594.24,,
2195,06-17-2024 07:07:15,628.80,,
2196,06-17-2024 07:12:15,695.36,,
2197,06-17-2024 07:17:15,786.88,,
2198,06-17-2024 07:22:15,717.12,,
2199,06-17-2024 07:27:15,777.28,,
2200,06-17-2024 07:32:15,837.44,,
2201,06-17-2024 07:37:15,851.20,,
2202,06-17-2024 07:42:15,914.24,,
2203,06-17-2024 07:47:15,1009.28,,
2204,06-17-2024 07:52:15,1091.84,,
2205,06-17-2024 07:57:15,1137.60,,
2206,06-17-2024 08:02:15,1095.36,,
2207,06-17-2024 08:07:15,1217.28,,
2208,06-17-2024 08:12:15,1302.72,,
2209,06-17-2024 08:17:15,1306.24,,
2210,06-17-2024 08:22:15,1378.56,,
2211,06-17-2024 08:27:15,1222.08,,
2212,06-17-2024 08:32:15,1117.44,,
2213,06-17-2024 08:37:15,1130.56,,
2214,06-17-2024 08:42:15,1276.16,,
2215,06-17-2024 08:47:15,1293.44,,
2216,06-17-2024 08:52:15,1238.08,,
2217,06-17-2024 08:57:15,1279.68,,
2218,06-17-2024 09:02:15,1406.72,,
2219,06-17-2024 09:07:15,1396.48,,
2220,06-17-2024 09:12:15,1360.64,,
2221,06-17-2024 09:17:15,1344.00,,
2222,06-17-2024 09:22:15,1432.96,,
2223,06-17-2024 09:27:15,1405.44,,
2224,06-17-2024 09:32:15,1656.96,,
2225,06-17-2024 09:37:15,1898.88,,
2226,06-17-2024 09:42:15,1864.96,,
2227,06-17-2024 09:47:15,2127.36,,
2228,06-17-2024 09:52:15,2268.16,,
2229,06-17-2024 09:57:15,1963.52,,
2230,06-17-2024 10:02:15,2211.84,,
2231,06-17-2024 10:07:15,2067.20,,
2232,06-17-2024 10:12:15,1605.12,,
2233,06-17-2024 10:17:15,1755.52,,
2234,06-17-2024 10:22:15,1964.80,,
2235,06-17-2024 10:27:15,3009.28,,
2236,06-17-2024 10:32:15,3873.28,,
2237,06-17-2024 10:37:15,3893.76,,
2238,06-17-2024 10:42:15,4647.68,,
2239,06-17-2024 10:47:15,5977.60,,
2240,06-17-2024 10:52:15,6561.28,,
2241,06-17-2024 10:57:15,6935.04,,
2242,06-17-2024 11:02:15,7482.88,,
2243,06-17-2024 11:07:15,7651.84,,
2244,06-17-2024 11:12:15,7444.48,,
2245,06-17-2024 11:17:15,6735.36,,
2246,06-17-2024 11:22:15,7242.24,,
2247,06-17-2024 11:27:15,5169.92,,
2248,06-17-2024 11:32:15,3755.52,,
2249,06-17-2024 11:37:15,3422.72,,
2250,06-17-2024 11:42:15,3596.80,,
2251,06-17-2024 11:47:15,4389.12,,
2252,06-17-2024 11:52:15,4355.84,,
2253,06-17-2024 11:57:15,4249.60,,
2254,06-17-2024 12:02:15,4828.16,,
2255,06-17-2024 12:07:15,5317.12,,
2256,06-17-2024 12:12:15,6149.12,,
2257,06-17-2024 12:17:15,6983.68,,
2258,06-17-2024 12:22:15,7756.80,,
2259,06-17-2024 12:27:15,6256.64,,
2260,06-17-2024 12:32:15,8256.00,,
2261,06-17-2024 12:37:15,9369.60,,
2262,06-17-2024 12:42:15,9154.56,,
2263,06-17-2024 12:47:15,9704.96,,
2264,06-17-2024 12:52:15,9502.72,,
2265,06-17-2024 12:57:15,8289.28,,
2266,06-17-2024 13:02:15,9443.84,,
2267,06-17-2024 13:07:15,10936.32,,
2268,06-17-2024 13:12:15,12656.64,,
2269,06-17-2024 13:17:15,14428.16,,
2270,06-17-2024 13:22:15,15887.36,,
2271,06-17-2024 13:27:15,15662.08,,
2272,06-17-2024 13:32:15,16348.16,,
2273,06-17-2024 13:37:15,15754.24,,
2274,06-17-2024 13:42:15,18851.84,,
2275,06-17-2024 13:47:15,18754.56,,
2276,06-17-2024 13:52:15,14914.56,,
2277,06-17-2024 13:57:15,16046.08,,
2278,06-17-2024 14:02:15,12922.88,,
2279,06-17-2024 14:07:15,12523.52,,
2280,06-17-2024 14:12:15,11361.28,,
2281,06-17-2024 14:17:15,12876.80,,
2282,06-17-2024 14:22:15,11105.28,,
2283,06-17-2024 14:27:15,12933.12,,
2284,06-17-2024 14:32:15,15892.48,,
2285,06-17-2024 14:37:15,19235.84,,
2286,06-17-2024 14:42:15,17704.96,,
2287,06-17-2024 14:47:15,16148.48,,
2288,06-17-2024 14:52:15,25722.88,,
2289,06-17-2024 14:57:15,24074.24,,
2290,06-17-2024 15:02:15,15831.04,,
2291,06-17-2024 15:07:15,19558.40,,
2292,06-17-2024 15:12:15,22016.00,,
2293,06-17-2024 15:17:15,28119.04,,
2294,06-17-2024 15:22:15,23388.16,,
2295,06-17-2024 15:27:15,27074.56,,
2296,06-17-2024 15:32:15,29163.52,,
2297,06-17-2024 15:37:15,26368.00,,
2298,06-17-2024 15:42:15,23439.36,,
2299,06-17-2024 15:47:15,12119.04,,
2300,06-17-2024 15:52:15,26296.32,,
2301,06-17-2024 15:57:15,26531.84,,
2302,06-17-2024 16:02:15,20864.00,,
2303,06-17-2024 16:07:15,21585.92,,
2304,06-17-2024 16:12:15,20014.08,,
2305,06-17-2024 16:17:15,17024.00,,
2306,06-17-2024 16:22:15,6996.48,,
2307,06-17-2024 16:27:15,12994.56,,
2308,06-17-2024 16:32:15,7383.04,,
2309,06-17-2024 16:37:15,6443.52,,
2310,06-17-2024 16:42:15,16419.84,,
2311,06-17-2024 16:47:15,6935.04,,
2312,06-17-2024 16:52:15,6635.52,,
2313,06-17-2024 16:57:15,5146.88,,
2314,06-17-2024 17:02:15,5486.08,,
2315,06-17-2024 17:07:15,5473.28,,
2316,06-17-2024 17:12:15,5052.16,,
2317,06-17-2024 17:17:15,4889.60,,
2318,06-17-2024 17:22:15,5358.08,,
2319,06-17-2024 17:27:15,5123.84,,
2320,06-17-2024 17:32:15,5018.88,,
2321,06-17-2024 17:37:15,4757.76,,
2322,06-17-2024 17:42:15,4702.72,,
2323,06-17-2024 17:47:15,4757.76,,
2324,06-17-2024 17:52:15,4358.40,,
2325,06-17-2024 17:57:15,4060.16,,
2326,06-17-2024 18:02:15,3490.56,,
2327,06-17-2024 18:07:15,2799.36,,
2328,06-17-2024 18:12:15,3301.12,,
2329,06-17-2024 18:17:15,2854.40,,
2330,06-17-2024 18:22:15,2658.56,,
2331,06-17-2024 18:27:15,2894.08,,
2332,06-17-2024 18:32:15,2945.28,,
2333,06-17-2024 18:37:15,2940.16,,
2334,06-17-2024 18:42:15,2414.08,,
2335,06-17-2024 18:47:15,2420.48,,
2336,06-17-2024 18:52:15,2200.32,,
2337,06-17-2024 18:57:15,2110.08,,
2338,06-17-2024 19:02:15,2156.16,,
2339,06-17-2024 19:07:15,2156.16,,
2340,06-17-2024 19:12:15,1887.36,,
2341,06-17-2024 19:17:15,1856.00,,
2342,06-17-2024 19:22:15,2067.20,,
2343,06-17-2024 19:27:15,1774.08,,
2344,06-17-2024 19:32:15,1628.16,,
2345,06-17-2024 19:37:15,1369.60,,
2346,06-17-2024 19:42:15,1284.16,,
2347,06-17-2024 19:47:15,1100.16,,
2348,06-17-2024 19:52:15,1126.72,,
2349,06-17-2024 19:57:15,1211.52,,
2350,06-17-2024 20:02:15,1037.12,,
2351,06-17-2024 20:07:15,1050.24,,
2352,06-17-2024 20:12:15,889.92,,
2353,06-17-2024 20:17:15,730.56,,
2354,06-17-2024 20:22:15,574.56,,
2355,06-17-2024 20:27:15,586.08,,
2356,06-17-2024 20:32:15,509.92,,
2357,06-17-2024 20:37:15,480.96,,
2358,06-17-2024 20:42:15,403.36,,
2359,06-17-2024 20:47:15,324.56,,
2360,06-17-2024 20:52:15,285.52,,
2361,06-17-2024 20:57:15,238.80,,
2362,06-17-2024 21:02:15,187.12,,
2363,06-17-2024 21:07:15,137.44,,
2364,06-17-2024 21:12:15,101.72,,
2365,06-17-2024 21:17:15,72.68,,
2366,06-17-2024 21:22:15,52.30,,
2367,06-17-2024 21:27:15,34.86,,
2368,06-17-2024 21:32:15,22.23,,
2369,06-17-2024 21:37:15,12.90,,
2370,06-17-2024 21:42:15,7.24,,
2371,06-17-2024 21:47:15,3.83,,
2372,06-17-2024 21:52:15,1.94,,
2373,06-17-2024 21:57:15,0.93,,
2374,06-17-2024 22:02:15,0.43,,
2375,06-17-2024 22:07:15,0.21,,
2376,06-17-2024 22:12:15,0.07,,
2377,06-17-2024 22:17:15,0.00,,
2378,06-17-2024 22:22:15,0.00,,
2379,06-17-2024 22:27:15,0.14,,
2380,06-17-2024 22:32:15,0.00,,
2381,06-17-2024 22:37:15,0.00,,
2382,06-17-2024 22:42:15,0.00,,
2383,06-17-2024 22:47:15,0.00,,
2384,06-17-2024 22:52:15,0.00,,
2385,06-17-2024 22:57:15,0.00,,
2386,06-17-2024 23:02:15,0.00,,
2387,06-17-2024 23:07:15,0.00,,
2388,06-17-2024 23:12:15,0.00,,
2389,06-17-2024 23:17:15,0.00,,
2390,06-17-2024 23:22:15,0.00,,
2391,06-17-2024 23:27:15,0.00,,
2392,06-17-2024 23:32:15,0.00,,
2393,06-17-2024 23:37:15,0.00,,
2394,06-17-2024 23:42:15,0.00,,
2395,06-17-2024 23:47:15,0.00,,
2396,06-17-2024 23:52:15,0.00,,
2397,06-17-2024 23:57:15,0.00,,
2398,06-18-2024 00:02:15,0.00,,
2399,06-18-2024 00:07:15,0.00,,
2400,06-18-2024 00:12:15,0.00,,
2401,06-18-2024 00:17:15,0.00,,
2402,06-18-2024 00:22:15,0.00,,
2403,06-18-2024 00:27:15,0.00,,
2404,06-18-2024 00:32:15,0.00,,
2405,06-18-2024 00:37:15,0.00,,
2406,06-18-2024 00:42:15,0.00,,
2407,06-18-2024 00:47:15,0.00,,
2408,06-18-2024 00:52:15,0.00,,
2409,06-18-2024 00:57:15,0.00,,
2410,06-18-2024 01:02:15,0.00,,
2411,06-18-2024 01:07:15,0.00,,
2412,06-18-2024 01:12:15,0.00,,
2413,06-18-2024 01:17:15,0.00,,
2414,06-18-2024 01:22:15,0.00,,
2415,06-18-2024 01:27:15,0.00,,
2416,06-18-2024 01:32:15,0.00,,
2417,06-18-2024 01:37:15,0.00,,
2418,06-18-2024 01:42:15,0.00,,
2419,06-18-2024 01:47:15,0.00,,
2420,06-18-2024 01:52:15,0.00,,
2421,06-18-2024 01:57:15,0.00,,
2422,06-18-2024 02:02:15,0.00,,
2423,06-18-2024 02:07:15,0.00,,
2424,06-18-2024 02:12:15,0.00,,
2425,06-18-2024 02:17:15,0.00,,
2426,06-18-2024 02:22:15,0.07,,
2427,06-18-2024 02:27:15,0.00,,
2428,06-18-2024 02:32:15,0.00,,
2429,06-18-2024 02:37:15,0.00,,
2430,06-18-2024 02:42:15,0.00,,
2431,06-18-2024 02:47:15,0.00,,
2432,06-18-2024 02:52:15,0.00,,
2433,06-18-2024 02:57:15,0.00,,
2434,06-18-2024 03:02:15,0.00,,
2435,06-18-2024 03:07:15,0.00,,
2436,06-18-2024 03:12:15,0.00,,
2437,06-18-2024 03:17:15,0.00,,
2438,06-18-2024 03:22:15,0.00,,
2439,06-18-2024 03:27:15,0.00,,
2440,06-18-2024 03:32:15,0.00,,
2441,06-18-2024 03:37:15,0.00,,
2442,06-18-2024 03:42:15,0.00,,
2443,06-18-2024 03:47:15,0.00,,
2444,06-18-2024 03:52:15,0.00,,
2445,06-18-2024 03:57:15,0.00,,
2446,06-18-2024 04:02:15,0.00,,
2447,06-18-2024 04:07:15,0.00,,
2448,06-18-2024 04:12:15,0.00,,
2449,06-18-2024 04:17:15,0.07,,
2450,06-18-2024 04:22:15,0.14,,
2451,06-18-2024 04:27:15,0.36,,
2452,06-18-2024 04:32:15,0.72,,
2453,06-18-2024 04:37:15,1.51,,
2454,06-18-2024 04:42:15,2.81,,
2455,06-18-2024 04:47:15,4.70,,
2456,06-18-2024 04:52:15,8.48,,
2457,06-18-2024 04:57:15,17.27,,
2458,06-18-2024 05:02:15,27.86,,
2459,06-18-2024 05:07:15,37.14,,
2460,06-18-2024 05:12:15,49.04,,
2461,06-18-2024 05:17:15,67.06,,
2462,06-18-2024 05:22:15,90.00,,
2463,06-18-2024 05:27:15,120.56,,
2464,06-18-2024 05:32:15,157.16,,
2465,06-18-2024 05:37:15,191.68,,
2466,06-18-2024 05:42:15,220.72,,
2467,06-18-2024 05:47:15,257.44,,
2468,06-18-2024 05:52:15,294.48,,
2469,06-18-2024 05:57:15,358.24,,
2470,06-18-2024 06:02:15,448.64,,
2471,06-18-2024 06:07:15,561.28,,
2472,06-18-2024 06:12:15,729.28,,
2473,06-18-2024 06:17:15,872.00,,
2474,06-18-2024 06:22:15,1004.16,,
2475,06-18-2024 06:27:15,1317.76,,
2476,06-18-2024 06:32:15,1632.00,,
2477,06-18-2024 06:37:15,1728.00,,
2478,06-18-2024 06:42:15,1524.48,,
2479,06-18-2024 06:47:15,1909.12,,
2480,06-18-2024 06:52:15,1917.44,,
2481,06-18-2024 06:57:15,1956.48,,
2482,06-18-2024 07:02:15,1883.52,,
2483,06-18-2024 07:07:15,1712.64,,
2484,06-18-2024 07:12:15,1895.04,,
2485,06-18-2024 07:17:15,2142.08,,
2486,06-18-2024 07:22:15,2402.56,,
2487,06-18-2024 07:27:15,2632.96,,
2488,06-18-2024 07:32:15,2963.20,,
2489,06-18-2024 07:37:15,2513.28,,
2490,06-18-2024 07:42:15,2970.88,,
2491,06-18-2024 07:47:15,2816.00,,
2492,06-18-2024 07:52:15,2353.92,,
2493,06-18-2024 07:57:15,2600.96,,
2494,06-18-2024 08:02:15,2273.92,,
2495,06-18-2024 08:07:15,2371.20,,
2496,06-18-2024 08:12:15,2312.32,,
2497,06-18-2024 08:17:15,2425.60,,
2498,06-18-2024 08:22:15,2676.48,,
2499,06-18-2024 08:27:15,3365.12,,
2500,06-18-2024 08:32:15,4354.56,,
2501,06-18-2024 08:37:15,5496.32,,
2502,06-18-2024 08:42:15,5291.52,,
2503,06-18-2024 08:47:15,8033.28,,
2504,06-18-2024 08:52:15,8130.56,,
2505,06-18-2024 08:57:15,7552.00,,
2506,06-18-2024 09:02:15,8212.48,,
2507,06-18-2024 09:07:15,14704.64,,
2508,06-18-2024 09:12:15,10777.60,,
2509,06-18-2024 09:17:15,16768.00,,
2510,06-18-2024 09:22:15,10329.60,,
2511,06-18-2024 09:27:15,7544.32,,
2512,06-18-2024 09:32:15,19819.52,,
2513,06-18-2024 09:37:15,18201.60,,
2514,06-18-2024 09:42:15,12410.88,,
2515,06-18-2024 09:47:15,12794.88,,
2516,06-18-2024 09:52:15,20495.36,,
2517,06-18-2024 09:57:15,20208.64,,
2518,06-18-2024 10:02:15,5880.32,,
2519,06-18-2024 10:07:15,21288.96,,
2520,06-18-2024 10:12:15,6405.12,,
2521,06-18-2024 10:17:15,6369.28,,
2522,06-18-2024 10:22:15,8573.44,,
2523,06-18-2024 10:27:15,7180.80,,
2524,06-18-2024 10:32:15,7185.92,,
2525,06-18-2024 10:37:15,27607.04,,
2526,06-18-2024 10:42:15,6858.24,,
2527,06-18-2024 10:47:15,9344.00,,
2528,06-18-2024 10:52:15,9077.76,,
2529,06-18-2024 10:57:15,10511.36,,
2530,06-18-2024 11:02:15,24524.80,,
2531,06-18-2024 11:07:15,25569.28,,
2532,06-18-2024 11:12:15,7815.68,,
2533,06-18-2024 11:17:15,7170.56,,
2534,06-18-2024 11:22:15,8634.88,,
2535,06-18-2024 11:27:15,5603.84,,
2536,06-18-2024 11:32:15,3896.32,,
2537,06-18-2024 11:37:15,4576.00,,
2538,06-18-2024 11:42:15,4309.76,,
2539,06-18-2024 11:47:15,3959.04,,
2540,06-18-2024 11:52:15,3427.84,,
2541,06-18-2024 11:57:15,4971.52,,
2542,06-18-2024 12:02:15,4056.32,,
2543,06-18-2024 12:07:15,3834.88,,
2544,06-18-2024 12:12:15,6131.20,,
2545,06-18-2024 12:17:15,5921.28,,
2546,06-18-2024 12:22:15,6082.56,,
2547,06-18-2024 12:27:15,9489.92,,
2548,06-18-2024 12:32:15,29962.24,,
2549,06-18-2024 12:37:15,7795.20,,
2550,06-18-2024 12:42:15,7616.00,,
2551,06-18-2024 12:47:15,7004.16,,
2552,06-18-2024 12:52:15,6410.24,,
2553,06-18-2024 12:57:15,7265.28,,
2554,06-18-2024 13:02:15,29634.56,,
2555,06-18-2024 13:07:15,30361.60,,
2556,06-18-2024 13:12:15,29716.48,,
2557,06-18-2024 13:17:15,28119.04,,
2558,06-18-2024 13:22:15,30996.48,,
2559,06-18-2024 13:27:15,28119.04,,
2560,06-18-2024 13:32:15,28364.80,,
2561,06-18-2024 13:37:15,28016.64,,
2562,06-18-2024 13:42:15,28262.40,,
2563,06-18-2024 13:47:15,28426.24,,
2564,06-18-2024 13:52:15,28272.64,,
2565,06-18-2024 13:57:15,28211.20,,
2566,06-18-2024 14:02:15,28282.88,,
2567,06-18-2024 14:07:15,28067.84,,
2568,06-18-2024 14:12:15,28119.04,,
2569,06-18-2024 14:17:15,27985.92,,
2570,06-18-2024 14:22:15,27883.52,,
2571,06-18-2024 14:27:15,27637.76,,
2572,06-18-2024 14:32:15,27607.04,,
2573,06-18-2024 14:37:15,27443.20,,
2574,06-18-2024 14:42:15,27484.16,,
2575,06-18-2024 14:47:15,27361.28,,
2576,06-18-2024 14:52:15,27095.04,,
2577,06-18-2024 14:57:15,26992.64,,
2578,06-18-2024 15:02:15,26900.48,,
2579,06-18-2024 15:07:15,26726.40,,
2580,06-18-2024 15:12:15,26480.64,,
2581,06-18-2024 15:17:15,26255.36,,
2582,06-18-2024 15:22:15,26101.76,,
2583,06-18-2024 15:27:15,25937.92,,
2584,06-18-2024 15:32:15,25610.24,,
2585,06-18-2024 15:37:15,25436.16,,
2586,06-18-2024 15:42:15,25057.28,,
2587,06-18-2024 15:47:15,24801.28,,
2588,06-18-2024 15:52:15,24483.84,,
2589,06-18-2024 15:57:15,24238.08,,
2590,06-18-2024 16:02:15,23828.48,,
2591,06-18-2024 16:07:15,23562.24,,
2592,06-18-2024 16:12:15,18872.32,,
2593,06-18-2024 16:17:15,14832.64,,
2594,06-18-2024 16:22:15,6056.96,,
2595,06-18-2024 16:27:15,11100.16,,
2596,06-18-2024 16:32:15,21985.28,,
2597,06-18-2024 16:37:15,12103.68,,
2598,06-18-2024 16:42:15,12733.44,,
2599,06-18-2024 16:47:15,2699.52,,
2600,06-18-2024 16:52:15,1810.56,,
2601,06-18-2024 16:57:15,1744.00,,
2602,06-18-2024 17:02:15,2005.12,,
2603,06-18-2024 17:07:15,2621.44,,
2604,06-18-2024 17:12:15,1583.36,,
2605,06-18-2024 17:17:15,1543.04,,
2606,06-18-2024 17:22:15,1511.68,,
2607,06-18-2024 17:27:15,1484.16,,
2608,06-18-2024 17:32:15,1445.76,,
2609,06-18-2024 17:37:15,1427.20,,
2610,06-18-2024 17:42:15,1415.68,,
2611,06-18-2024 17:47:15,1382.40,,
2612,06-18-2024 17:52:15,1354.88,,
2613,06-18-2024 17:57:15,1330.56,,
2614,06-18-2024 18:02:15,1302.72,,
2615,06-18-2024 18:07:15,1874.56,,
2616,06-18-2024 18:12:15,1340.80,,
2617,06-18-2024 18:17:15,1226.56,,
2618,06-18-2024 18:22:15,1208.00,,
2619,06-18-2024 18:27:15,1208.00,,
2620,06-18-2024 18:32:15,1159.68,,
2621,06-18-2024 18:37:15,1135.36,,
2622,06-18-2024 18:42:15,1108.80,,
2623,06-18-2024 18:47:15,1080.32,,
2624,06-18-2024 18:52:15,1059.20,,
2625,06-18-2024 18:57:15,1035.84,,
2626,06-18-2024 19:02:15,1044.16,,
2627,06-18-2024 19:07:15,991.36,,
2628,06-18-2024 19:12:15,967.36,,
2629,06-18-2024 19:17:15,952.64,,
2630,06-18-2024 19:22:15,923.84,,
2631,06-18-2024 19:27:15,902.08,,
2632,06-18-2024 19:32:15,878.40,,
2633,06-18-2024 19:37:15,851.84,,
2634,06-18-2024 19:42:15,823.36,,
2635,06-18-2024 19:47:15,794.56,,
2636,06-18-2024 19:52:15,767.36,,
2637,06-18-2024 19:57:15,736.32,,
2638,06-18-2024 20:02:15,703.36,,
2639,06-18-2024 20:07:15,664.64,,
2640,06-18-2024 20:12:15,626.56,,
2641,06-18-2024 20:17:15,587.36,,
2642,06-18-2024 20:22:15,545.44,,
2643,06-18-2024 20:27:15,502.08,,
2644,06-18-2024 20:32:15,457.92,,
2645,06-18-2024 20:37:15,412.32,,
2646,06-18-2024 20:42:15,365.44,,
2647,06-18-2024 20:47:15,318.80,,
2648,06-18-2024 20:52:15,272.40,,
2649,06-18-2024 20:57:15,227.68,,
2650,06-18-2024 21:02:15,185.20,,
2651,06-18-2024 21:07:15,146.08,,
2652,06-18-2024 21:12:15,110.96,,
2653,06-18-2024 21:17:15,80.78,,
2654,06-18-2024 21:22:15,55.76,,
2655,06-18-2024 21:27:15,36.89,,
2656,06-18-2024 21:32:15,23.21,,
2657,06-18-2024 21:37:15,13.35,,
2658,06-18-2024 21:42:15,7.39,,
2659,06-18-2024 21:47:15,4.05,,
2660,06-18-2024 21:52:15,2.09,,
2661,06-18-2024 21:57:15,1.01,,
2662,06-18-2024 22:02:15,0.50,,
2663,06-18-2024 22:07:15,0.21,,
2664,06-18-2024 22:12:15,0.21,,
2665,06-18-2024 22:17:15,0.00,,
2666,06-18-2024 22:22:15,0.00,,
2667,06-18-2024 22:27:15,0.00,,
2668,06-18-2024 22:32:15,0.00,,
2669,06-18-2024 22:37:15,0.00,,
2670,06-18-2024 22:42:15,0.00,,
2671,06-18-2024 22:47:15,0.00,,
2672,06-18-2024 22:52:15,0.00,,
2673,06-18-2024 22:57:15,0.00,,
2674,06-18-2024 23:02:15,0.00,,
2675,06-18-2024 23:07:15,0.00,,
2676,06-18-2024 23:12:15,0.00,,
2677,06-18-2024 23:17:15,0.00,,
2678,06-18-2024 23:22:15,0.00,,
2679,06-18-2024 23:27:15,0.00,,
2680,06-18-2024 23:32:15,0.00,,
2681,06-18-2024 23:37:15,0.00,,
2682,06-18-2024 23:42:15,0.00,,
2683,06-18-2024 23:47:15,0.00,,
2684,06-18-2024 23:52:15,0.00,,
2685,06-18-2024 23:57:15,0.00,,
2686,06-19-2024 00:02:15,0.00,,
2687,06-19-2024 00:07:15,0.00,,
2688,06-19-2024 00:12:15,0.00,,
2689,06-19-2024 00:17:15,0.00,,
2690,06-19-2024 00:22:15,0.00,,
2691,06-19-2024 00:27:15,0.00,,
2692,06-19-2024 00:32:15,0.00,,
2693,06-19-2024 00:37:15,0.00,,
2694,06-19-2024 00:42:15,0.00,,
2695,06-19-2024 00:47:15,0.00,,
2696,06-19-2024 00:52:15,0.00,,
2697,06-19-2024 00:57:15,0.00,,
2698,06-19-2024 01:02:15,0.00,,
2699,06-19-2024 01:07:15,0.00,,
2700,06-19-2024 01:12:15,0.00,,
2701,06-19-2024 01:17:15,0.00,,
2702,06-19-2024 01:22:15,0.00,,
2703,06-19-2024 01:27:15,0.00,,
2704,06-19-2024 01:32:15,0.00,,
2705,06-19-2024 01:37:15,0.00,,
2706,06-19-2024 01:42:15,0.00,,
2707,06-19-2024 01:47:15,0.00,,
2708,06-19-2024 01:52:15,0.00,,
2709,06-19-2024 01:57:15,0.00,,
2710,06-19-2024 02:02:15,0.00,,
2711,06-19-2024 02:07:15,0.00,,
2712,06-19-2024 02:12:15,0.00,,
2713,06-19-2024 02:17:15,0.00,,
2714,06-19-2024 02:22:15,0.07,,
2715,06-19-2024 02:27:15,0.00,,
2716,06-19-2024 02:32:15,0.00,,
2717,06-19-2024 02:37:15,0.00,,
2718,06-19-2024 02:42:15,0.00,,
2719,06-19-2024 02:47:15,0.00,,
2720,06-19-2024 02:52:15,0.00,,
2721,06-19-2024 02:57:15,0.00,,
2722,06-19-2024 03:02:15,0.00,,
2723,06-19-2024 03:07:15,0.00,,
2724,06-19-2024 03:12:15,0.00,,
2725,06-19-2024 03:17:15,0.00,,
2726,06-19-2024 03:22:15,0.00,,
2727,06-19-2024 03:27:15,0.00,,
2728,06-19-2024 03:32:15,0.00,,
2729,06-19-2024 03:37:15,0.00,,
2730,06-19-2024 03:42:15,0.00,,
2731,06-19-2024 03:47:15,0.00,,
2732,06-19-2024 03:52:15,0.00,,
2733,06-19-2024 03:57:15,0.00,,
2734,06-19-2024 04:02:15,0.00,,
2735,06-19-2024 04:07:15,0.00,,
2736,06-19-2024 04:12:15,0.00,,
2737,06-19-2024 04:17:15,0.14,,
2738,06-19-2024 04:22:15,0.28,,
2739,06-19-2024 04:27:15,0.64,,
2740,06-19-2024 04:32:15,1.37,,
2741,06-19-2024 04:37:15,2.67,,
2742,06-19-2024 04:42:15,5.13,,
2743,06-19-2024 04:47:15,9.35,,
2744,06-19-2024 04:52:15,16.69,,
2745,06-19-2024 04:57:15,28.15,,
2746,06-19-2024 05:02:15,44.42,,
2747,06-19-2024 05:07:15,67.12,,
2748,06-19-2024 05:12:15,96.16,,
2749,06-19-2024 05:17:15,130.36,,
2750,06-19-2024 05:22:15,171.60,,
2751,06-19-2024 05:27:15,218.96,,
2752,06-19-2024 05:32:15,272.16,,
2753,06-19-2024 05:37:15,337.76,,
2754,06-19-2024 05:42:15,399.36,,
2755,06-19-2024 05:47:15,467.52,,
2756,06-19-2024 05:52:15,532.96,,
2757,06-19-2024 05:57:15,594.72,,
2758,06-19-2024 06:02:15,656.00,,
2759,06-19-2024 06:07:15,715.84,,
2760,06-19-2024 06:12:15,774.40,,
2761,06-19-2024 06:17:15,831.36,,
2762,06-19-2024 06:22:15,888.00,,
2763,06-19-2024 06:27:15,949.44,,
2764,06-19-2024 06:32:15,1008.32,,
2765,06-19-2024 06:37:15,1062.40,,
2766,06-19-2024 06:42:15,1110.40,,
2767,06-19-2024 06:47:15,1161.92,,
2768,06-19-2024 06:52:15,1222.08,,
2769,06-19-2024 06:57:15,1299.20,,
2770,06-19-2024 07:02:15,1360.64,,
2771,06-19-2024 07:07:15,1465.60,,
2772,06-19-2024 07:12:15,3178.24,,
2773,06-19-2024 07:17:15,6100.48,,
2774,06-19-2024 07:22:15,6533.12,,
2775,06-19-2024 07:27:15,7029.76,,
2776,06-19-2024 07:32:15,7406.08,,
2777,06-19-2024 07:37:15,7953.92,,
2778,06-19-2024 07:42:15,8207.36,,
2779,06-19-2024 07:47:15,8686.08,,
2780,06-19-2024 07:52:15,9146.88,,
2781,06-19-2024 07:57:15,9520.64,,
2782,06-19-2024 08:02:15,10094.08,,
2783,06-19-2024 08:07:15,10664.96,,
2784,06-19-2024 08:12:15,11171.84,,
2785,06-19-2024 08:17:15,11770.88,,
2786,06-19-2024 08:22:15,12380.16,,
2787,06-19-2024 08:27:15,12856.32,,
2788,06-19-2024 08:32:15,13219.84,,
2789,06-19-2024 08:37:15,13521.92,,
2790,06-19-2024 08:42:15,13701.12,,
2791,06-19-2024 08:47:15,13870.08,,
2792,06-19-2024 08:52:15,13946.88,,
2793,06-19-2024 08:57:15,14167.04,,
2794,06-19-2024 09:02:15,14407.68,,
2795,06-19-2024 09:07:15,14673.92,,
2796,06-19-2024 09:12:15,15436.80,,
2797,06-19-2024 09:17:15,15882.24,,
2798,06-19-2024 09:22:15,15759.36,,
2799,06-19-2024 09:27:15,16020.48,,
2800,06-19-2024 09:32:15,16373.76,,
2801,06-19-2024 09:37:15,16819.20,,
2802,06-19-2024 09:42:15,17367.04,,
2803,06-19-2024 09:47:15,18083.84,,
2804,06-19-2024 09:52:15,18350.08,,
2805,06-19-2024 09:57:15,18554.88,,
2806,06-19-2024 10:02:15,19005.44,,
2807,06-19-2024 10:07:15,19266.56,,
2808,06-19-2024 10:12:15,19727.36,,
2809,06-19-2024 10:17:15,20060.16,,
2810,06-19-2024 10:22:15,20567.04,,
2811,06-19-2024 10:27:15,20961.28,,
2812,06-19-2024 10:32:15,21811.20,,
2813,06-19-2024 10:37:15,21616.64,,
2814,06-19-2024 10:42:15,22036.48,,
2815,06-19-2024 10:47:15,22272.00,,
2816,06-19-2024 10:52:15,22753.28,,
2817,06-19-2024 10:57:15,22876.16,,
2818,06-19-2024 11:02:15,23152.64,,
2819,06-19-2024 11:07:15,23603.20,,
2820,06-19-2024 11:12:15,24166.40,,
2821,06-19-2024 11:17:15,24606.72,,
2822,06-19-2024 11:22:15,24760.32,,
2823,06-19-2024 11:27:15,24924.16,,
2824,06-19-2024 11:32:15,25128.96,,
2825,06-19-2024 11:37:15,25272.32,,
2826,06-19-2024 11:42:15,25415.68,,
2827,06-19-2024 11:47:15,25702.40,,
2828,06-19-2024 11:52:15,26234.88,,
2829,06-19-2024 11:57:15,26193.92,,
2830,06-19-2024 12:02:15,26429.44,,
2831,06-19-2024 12:07:15,26654.72,,
2832,06-19-2024 12:12:15,26828.80,,
2833,06-19-2024 12:17:15,26982.40,,
2834,06-19-2024 12:22:15,27074.56,,
2835,06-19-2024 12:27:15,27207.68,,
2836,06-19-2024 12:32:15,27258.88,,
2837,06-19-2024 12:37:15,27463.68,,
2838,06-19-2024 12:42:15,27658.24,,
2839,06-19-2024 12:47:15,27863.04,,
2840,06-19-2024 12:52:15,28026.88,,
2841,06-19-2024 12:57:15,28211.20,,
2842,06-19-2024 13:02:15,28190.72,,
2843,06-19-2024 13:07:15,28252.16,,
2844,06-19-2024 13:12:15,28149.76,,
2845,06-19-2024 13:17:15,28344.32,,
2846,06-19-2024 13:22:15,28467.20,,
2847,06-19-2024 13:27:15,28405.76,,
2848,06-19-2024 13:32:15,28518.40,,
2849,06-19-2024 13:37:15,28692.48,,
2850,06-19-2024 13:42:15,28774.40,,
2851,06-19-2024 13:47:15,28897.28,,
2852,06-19-2024 13:52:15,28723.20,,
2853,06-19-2024 13:57:15,28651.52,,
2854,06-19-2024 14:02:15,28395.52,,
2855,06-19-2024 14:07:15,28487.68,,
2856,06-19-2024 14:12:15,28456.96,,
2857,06-19-2024 14:17:15,28416.00,,
2858,06-19-2024 14:22:15,28272.64,,
2859,06-19-2024 14:27:15,28211.20,,
2860,06-19-2024 14:32:15,28108.80,,
2861,06-19-2024 14:37:15,28047.36,,
2862,06-19-2024 14:42:15,27975.68,,
2863,06-19-2024 14:47:15,27914.24,,
2864,06-19-2024 14:52:15,27719.68,,
2865,06-19-2024 14:57:15,27688.96,,
2866,06-19-2024 15:02:15,27514.88,,
2867,06-19-2024 15:07:15,27258.88,,
2868,06-19-2024 15:12:15,27176.96,,
2869,06-19-2024 15:17:15,27043.84,,
2870,06-19-2024 15:22:15,26880.00,,
2871,06-19-2024 15:27:15,26572.80,,
2872,06-19-2024 15:32:15,26163.20,,
2873,06-19-2024 15:37:15,25917.44,,
2874,06-19-2024 15:42:15,25620.48,,
2875,06-19-2024 15:47:15,25333.76,,
2876,06-19-2024 15:52:15,25077.76,,
2877,06-19-2024 15:57:15,24770.56,,
2878,06-19-2024 16:02:15,24360.96,,
2879,06-19-2024 16:07:15,24074.24,,
2880,06-19-2024 16:12:15,16302.08,,
2881,06-19-2024 16:14:46,,Logged,Logged
